;nome;modalidade;endereco;situacao_fila;ultima_atualizacao
0;AMA/UBS INTEGRADA JARDIM PAULISTANO / IGREJA BATISTA RENOVADA DO PAULISTANO;POSTO VOLANTE;"IGREJA: R. APARECIDA DO TABOADO,505 - JD PAULISTANO (segunda a sexta das 8 às 17h); UBS: R. ENCRUZILHADA DO SUL, 946 ( segunda a sexta das 17 às 19h, aos sábados das 7 às 19 h).";SEM FILA;2021-06-24 19:01:00
1;UBS VILA TEREZINHA / CRECHE BATUIRA;POSTO VOLANTE;"CRECHE BATUIRA: R. Jorge Píres Ramalho, 70 - Vila Isabel (segunda a sexta, das 8 às 17h); UBS: R. Domingos Francisco Medeiros, 70- Vl.Terezinha (Aos Sábados das 8 às 17h)";NÃO FUNCIONANDO;2021-06-24 19:00:00
2;UBS CASA VERDE / PARÓQUIA NOSSA SENHORA DAS DORES;POSTO VOLANTE;R. ANTONIETA, 19 - CASA VERDE BAIXA - CEP: 02517-070 - Tel: 3950- 0236/ 3966-0247;SEM FILA;2021-06-24 19:00:00
3;POSTO VOLANTE CENTER NORTE ;POSTO VOLANTE;Rua Otto Baumgart, 500;SEM FILA;2021-06-24 16:56:00
4;IGREJA DE SÃO JUDAS;POSTO VOLANTE;Alameda Guaiós,145;FILA GRANDE;2021-06-24 16:12:00
5;SHOPPING METRÔ SANTA CRUZ;POSTO VOLANTE;Rua Domingos de Morais (acesso pela Externa);AGUARDANDO ABASTECIMENTO;2021-06-24 18:09:00
6;ARENA CORINTHIANS;DRIVE-THRU;Av. Miguel Ignácio, 2492 Curi, Portão E4 -CEP: 08295-005;SEM FILA;2021-06-24 15:53:00
7;AUTÓDROMO DE INTERLAGOS;DRIVE-THRU;Rua Jacinto Júlio, altura do nº 589 – Portão 9, entrada KRF - CEP: 04815-160;NÃO FUNCIONANDO;2021-06-24 17:37:00
8;CLUB ATHLETICO PAULISTANO;DRIVE-THRU;R. Honduras, 1.400 - Jardim América - CEP: 01428-900;SEM FILA;2021-06-24 17:11:00
9;CLUBE ATLÉTICO MONTE LÍBANO;DRIVE-THRU;Rua do Gama, 261 - Jardim Luzitania - CEP: 04032-000;AGUARDANDO ABASTECIMENTO;2021-06-24 16:11:00
10;HOSPITAL DOM ALVARENGA;DRIVE-THRU;Av. Nazaré, 1361 - Ipiranga - CEP: 04263-200;SEM FILA;2021-06-24 15:58:00
11;IGREJA BOAS NOVAS;DRIVE-THRU;Rua Marechal Mallet, 535, Vila Prudente - CEP: 03140-020;SEM FILA;2021-06-24 16:55:00
12;MEMORIAL DA AMÉRICA LATINA;DRIVE-THRU;Rua Tagipuru, 500 (referência Portão 2) - CEP: 01156-000;SEM FILA;2021-06-24 14:46:00
13;PARQUE VILLA LOBOS;DRIVE-THRU;Av. Prof. Fonseca Rodrigues, 1025- Portão 3 - Alto de Pinheiros - CEP 05461-010;SEM FILA;2021-06-24 16:50:00
14;SHOPPING ANALIA FRANCO;DRIVE-THRU;Av. Reg. Feijó, 1739 - Tatuapé, São Paulo - CEP: 03342-900;FILA PEQUENA;2021-06-24 17:03:00
15;SHOPPING ARICANDUVA;DRIVE-THRU;Avenida Aricanduva, 5555 – Estacionamento Auto Shopping Acesso pelo Portão P4 - CEP: 03930-110;SEM FILA;2021-06-24 15:57:00
16;SHOPPING CAMPO LIMPO;DRIVE-THRU;Estrada do Campo Limpo, 459. Vila Prel – CEP: 05777-001;NÃO FUNCIONANDO;2021-06-24 17:15:00
17;SHOPPING INTERLAGOS;DRIVE-THRU;Av. Interlagos, 2255 - Estacionamento Subsolo, portão5 - Interlagos - CEP: 04661-200;NÃO FUNCIONANDO;2021-06-24 17:45:00
18;SUBPREFEITURA DE ITAIM PAULISTA;DRIVE-THRU;Avenida Marechal Tito, 3012 - Itaim Paulista - CEP: 08160-495;SEM FILA;2021-06-24 16:11:00
19;SUBPREFEITURA DE M BOI MIRIM;DRIVE-THRU;Avenida Guarapiranga, 1695 – Pq Alves de Lima - CEP: 04902-005;NÃO FUNCIONANDO;2021-06-24 17:06:00
20;CANTAREIRA NORTE SHOPPING;DRIVE-THRU;AVENIDA RAIMUNDO PEREIRA DE MAGALHÃES 11001;SEM FILA;2021-06-24 16:52:00
21;CENTRO DE EXPOSIÇÕES DO ANHEMBI;DRIVE-THRU;Rua Olavo Fontoura, portão 38 - CEP: 02012-021;NÃO FUNCIONANDO;2021-06-24 16:59:00
22;MEGA DRIVE - CRESAN VILA MARIA;DRIVE-THRU;Rua Gastão Madeira, 226;SEM FILA;2021-06-24 16:56:00
23;CLUBE PAINEIRAS;DRIVE-THRU;Av. Dr. Alberto Penteado, 605;SEM FILA;2021-06-24 16:48:00
24;SHOPPING JARDIM SUL;DRIVE-THRU;Acesso pela Rua Nelson Gama de Oliveira (lateral do Shopping) s/n - Vila Andrade;NÃO FUNCIONANDO;2021-06-24 17:07:00
25;NOVARTIS BIOCIÊNCIA S.A.;DRIVE-THRU;Av. Professor Vicente Rao, 90 -Cidade Monções - CEP: 04706-900;NÃO FUNCIONANDO;2021-06-24 17:07:00
26;MEGA POSTO DE VACINAÇÃO - GALERIA PRESTES MAIA;MEGAPOSTO;Praça do Patriarca, nº2 - Sé;FILA MÉDIA;2021-06-24 16:51:00
27;MEGA POSTO SESI AE CARVALHO;MEGAPOSTO;Rua Deodato saraiva da silva, 110 - Arthur Alvim, São Paulo - 03694-090;SEM FILA;2021-06-24 15:53:00
28;MEGA POSTO DE VACINAÇÃO - SHOPPING ARICANDUVA;MEGAPOSTO;AVENIDA ARICANDUVA, 5555 - ESTACIONAMENTO AUTO SHOPPING - ACESSO PELO PORTÃO 4 - CEP: 03930-110;SEM FILA;2021-06-24 15:57:00
29;MEGA POSTO - CATEDRAL DE SAO MIGUEL PAULISTA;MEGAPOSTO;Av. São Miguel - Praça Padre Aleixo Monteiro Mafra (Praça do Forró);SEM FILA;2021-06-24 16:00:00
30;CLUBE HEBRAICA;MEGAPOSTO;Rua Ibiapinopolis, 781- na parte superior do Clube - CEP: 01455-110;FILA GRANDE;2021-06-24 17:02:00
31;SHOPPING RAPOSO;MEGAPOSTO;Rodovia Raposo Tavares KM 14,5 . Entrada principal.;SEM FILA;2021-06-24 16:46:00
32;METRÔ BUTANTÃ - LINHA AMARELA;MEGAPOSTO;Acesso A - Av. Vital Brasil, N°427 / Acesso B - Pirajussara, Nº 438 Acesso C - Eng. Bianor, Nº 78;NÃO FUNCIONANDO;2021-06-24 16:55:00
33;ALLIANZ PARK;MEGAPOSTO;AV FRANCISCO MATARAZZO, 1.705;SEM FILA;2021-06-24 17:29:00
34;CLUB ATHLETICO PAULISTANO;MEGAPOSTO;R. Honduras, 1.400 - Jardim América - CEP: 01428-900;FILA PEQUENA;2021-06-24 17:12:00
35;MEGA POSTO EXTRA HIPERMERCADO - AEROPORTO;MEGAPOSTO;ACESSO PELA RUA BRÁS DE ARZÃO, 194;NÃO FUNCIONANDO;2021-06-24 17:48:00
36;MEGA POSTO PETZ;MEGAPOSTO;AV. SEN. TEOTONIO VILELA, 4482 - VILA SÃO JOSÉ -  S.PAULO - 04864-001;NÃO FUNCIONANDO;2021-06-24 18:52:00
37;MEGA POSTO CENTRO CULTURAL GRAJAÚ;MEGAPOSTO;RUA PROFESSOR OSCAR BARRETO FILHO, 252 - PARQUE AMÉRICA/SP - 04822-230;NÃO FUNCIONANDO;2021-06-24 17:03:00
38;MEGA POSTO DE VACINAÇÃO - JARDIM ANGELA;MEGAPOSTO;Estrada do M Boi Mirim, 5203 - Edificio Garagem ( ao lado do Terminal Jd Angela);NÃO FUNCIONANDO;2021-06-24 17:08:00
39;MEGA POSTO DE VACINAÇÃO - CENTRO EMPRESARIAL DE SÃO PAULO;MEGAPOSTO;Av. Maria Coelho Aguiar, 215;NÃO FUNCIONANDO;2021-06-24 17:10:00
40;SHOPPING IBIRAPUERA;MEGAPOSTO;Av. Moaci, s/n;NÃO FUNCIONANDO;2021-06-24 17:58:00
41;MEGA POSTO DE VACINAÇÃO - UNISA SANTO AMARO;MEGAPOSTO;Rua Isabel Schmidt, 349;NÃO FUNCIONANDO;2021-06-24 17:00:00
42;UBS HUMAITÁ - DR. JOÃO DE AZEVEDO LAGE;POSTO FIXO;R. HUMAITÁ, 520 - BELA VISTA - CEP: 01321-010 - Tel: 3241- 1632/ 3241-1163;FILA MÉDIA;2021-06-24 17:55:00
43;UBS NOSSA SENHORA DO BRASIL - ARMANDO DARIENZO;POSTO FIXO;R. ALMIRANTE MARQUES LEÃO, 684 - BELA VISTA - CEP: 01330- 010 - Tel: 3284-4601/ 3541-3704;FILA GRANDE;2021-06-24 16:55:00
44;UBS BOM RETIRO - DR. OCTAVIO AUGUSTO RODOVALHO;POSTO FIXO;R. TENENTE PENA, 8 - BOM RETIRO - CEP: 01127-020 - Tel: 3222-0619/ 3224-9903;FILA MÉDIA;2021-06-24 16:56:00
45;UBS CAMBUCI;POSTO FIXO;AV. LACERDA FRANCO, 791 - CAMBUCI - CEP: 01536-000 - Tel: 3276-6480/ 3209-3304;FILA PEQUENA;2021-06-24 17:53:00
46;CENTRO DE SAÚDE ESCOLA BARRA FUNDA – CSEBF;POSTO FIXO;Endereço: Avenida Dr. Abraão Ribeiro, 283 Bom retiro São Paulo – SP;SEM FILA;2021-06-24 16:16:00
47;SAE DST/AIDS CAMPOS ELÍSEOS;POSTO FIXO;Alameda Cleveland, 374;NÃO FUNCIONANDO;2021-06-24 17:16:00
48;UBS BORACEA;POSTO FIXO;R. BORACEA, 270 - SANTA CECÍLIA - CEP: 01135-010 - Tel: 3392- 1281/ 3392-1882;FILA PEQUENA;2021-06-24 17:51:00
49;UBS SANTA CECÍLIA - HUMBERTO PASCALE;POSTO FIXO;R. VITORINO CARMILO, 599 - CAMPOS ELÍSEOS - CEP: 01153- 000 - Tel: 3826-0096/ 3826-7970;FILA GRANDE;2021-06-24 16:59:00
50;UBS REPÚBLICA - FERNANDA SANTE LIMEIRA;POSTO FIXO;PRAÇA PATRIARCA, 100 - CENTRO - CEP: 01002010 - Tel: 3242- 3756/ 3241-5515;FILA MÉDIA;2021-06-24 16:50:00
51;UBS SÉ;POSTO FIXO;R. FREDERICO ALVARENGA, 259 - PQ DOM PEDRO - CEP: 01020-030 - Tel: 3101-2344/ 3101-3013;SEM FILA;2021-06-24 16:56:00
52;AMA/UBS INTEGRADA AGUA RASA;POSTO FIXO;R. SERRA DE JAIRE, 1480 - ÁGUA RASA - CEP: 03175-001 - Tel: 2605-2156/ 2605-5307;FILA PEQUENA;2021-06-24 17:56:00
53;AMA/UBS INTEGRADA VILA ORATÓRIO - DR. TITO PEDRO MASCELANI;POSTO FIXO;R. JOÃO FIALHO DE CARVALHO, 35 - VL DIVA - CEP: 03345-010 - Tel: 2301-2979/ 2911-5318;FILA MÉDIA;2021-06-24 17:56:00
54;UBS VILA BERTIOGA - DOMINGOS DELASCIO;POSTO FIXO;R. FAROL PAULISTANO, 410 - ALTO DA MOOCA - CEP: 03192- 060 - Tel: 2965-1066/ 2021-7210;FILA PEQUENA;2021-06-24 18:01:00
55;AMA/UBS INTEGRADA VILA ANTONIETA;POSTO FIXO;R. CORONEL JOÃO DE OLIVEIRA MELO, 440 - VL ANTONIETA - CEP: 03474-020 - Tel: 2725-3997/ 2253-1852;FILA PEQUENA;2021-06-24 18:01:00
56;UBS JARDIM IVA;POSTO FIXO;R. MIGUEL BASTOS SOARES, 55 - JD IVA - CEP: 03910-000 - Tel: 2211-0884/ 2911-1006;SEM FILA;2021-06-24 17:52:00
57;UBS VILA NOVA YORK;POSTO FIXO;R. DR EDGARD MAGALHÃES NORONHA, 200 - VL NOVA YORK - CEP: 03480-000 - Tel: 2721-2707;SEM FILA;2021-06-24 17:50:00
58;AMA/UBS INTEGRADA JARDIM NORDESTE;POSTO FIXO;R. NICOLO TARTAGLIA, 45 - JD COIMBRA - CEP: 03693-050 - Tel: 2280-6211;SEM FILA;2021-06-24 17:56:00
59;AMA/UBS INTEGRADA PADRE MANOEL DA NÓBREGA;POSTO FIXO;AV. PADRE FRANCISCO DE TOLEDO, 545 - ARTHUR ALVIM - CEP: 03590-120 - Tel: 2741-7296/ 2748-6082;SEM FILA;2021-06-24 17:54:00
60;UBS ANTONIO ESTEVÃO DE CARVALHO;POSTO FIXO;R. JAPANI, 7 - CIDADE AE CARVALHO - CEP: 08220-130 - Tel: 2280-2373/ 2043-3400;SEM FILA;2021-06-24 17:51:00
61;UBS ANTONIO PIRES F VILLA LOBO;POSTO FIXO;R. COELHO DE CASTRO, 95 - VL NHOCUNÉ - CEP: 03560-030 - Tel: 2749-3521;SEM FILA;2021-06-24 18:00:00
62;UBS JARDIM SÃO NICOLAU;POSTO FIXO;R. BROOK TAYLOR, 30 - JD NORDESTE - CEP: 03690000 - Tel: 2280-7508/ 2280-1508;SEM FILA;2021-06-24 17:57:00
63;UBS PADRE JOSE DE ANCHIETA;POSTO FIXO;AV. SILVIO TORRES, 313 - ARTHUR ALVIM - CEP: 03589-010 - Tel: 2742-1367;FILA PEQUENA;2021-06-24 18:00:00
64;UBS PARQUE ARTHUR ALVIM;POSTO FIXO;R. HENRIQUE JACOBS, 269 - ARTHUR ALVIM - CEP: 03566-010 - Tel: 2749-4235/ 2958-4235;SEM FILA;2021-06-24 18:00:00
65;UBS BELENZINHO - MARCUS WOLOSKER;POSTO FIXO;AV. CELSO GARCIA, 1749 - BELENZINHO - CEP: 03015-000 - Tel: 2292-5687/ 2694-2697;FILA PEQUENA;2021-06-24 17:58:00
66;UBS BRAS - DR. MANOEL SALDIVA NETO;POSTO FIXO;R. SAMPSON, 61 - BRÁS - CEP: 03013-040 - Tel: 2692-0788/ 2292- 5453;FILA PEQUENA;2021-06-24 17:52:00
67;AMA/UBS INTEGRADA CANGAÍBA - DR. CARLOS GENTILE DE MELLO;POSTO FIXO;AV. CANGAIBA, 3722 - CANGAÍBA - CEP: 03712-001 - Tel: 2621- 6523/ 2621-9507;FILA MÉDIA;2021-06-24 17:57:00
68;AMA/UBS INTEGRADA CHACARA CRUZEIRO DO SUL - ZELIA L M DORO;POSTO FIXO;R. MERCEDES LOPES, 989 - CHÁCARA CRUZEIRO DO SUL - CEP: 03614-000 - Tel: 2647-0031/ 2642-2622;SEM FILA;2021-06-24 17:54:00
69;AMA/UBS INTEGRADA VILA SILVIA;POSTO FIXO;R. BELEM DOS SANTOS (ESQUINA COM R. LAURO DE FREITAS), 222 - VILA SILVIA - CEP: 03821-170 - Tel: 2545-6838/ 2545-8181;FILA PEQUENA;2021-06-24 17:55:00
70;UBS ENGENHEIRO GOULART - DR. JOSÉ PIRES;POSTO FIXO;R. AUGUSTO CORREIA LEITE, 538 - ENG. GOULART - CEP: 03726-100 - Tel: 2621-7402/ 2621-7042;SEM FILA;2021-06-24 18:00:00
71;UBS JARDIM SÃO FRANCISCO;POSTO FIXO;R. JURITI PIRANGA, 195 - CANGAÍBA - CEP: 03718-020 - Tel: 2957-2808/ 2681-0250;FILA PEQUENA;2021-06-24 17:56:00
72;AMA/UBS INTEGRADA VILA CARRÃO - DR. ADHEMAR MONTEIRO PACHECO;POSTO FIXO;R. DR JACI BARBOSA, 280 - VL CARRÃO - CEP: 03447-000 - Tel: 2785-4728/ 2036-3853;SEM FILA;2021-06-24 17:50:00
73;UBS VILA NOVA MANCHESTER - DR. ARLINDO GENNARI;POSTO FIXO;PRAÇA HAROLDO DALTRO, 461 - VL NOVA MANCHESTER - CEP: 03444-090 - Tel: 2295-4163/ 2296-6843;FILA MÉDIA;2021-06-24 17:55:00
74;AMA/UBS INTEGRADA JARDIM BRASILIA;POSTO FIXO;AV. OSVALDO VALLE CORDEIRO, 245 - JD BRASILIA - CEP: 03584-000 - Tel: 2741-6938/ 2743-9476;SEM FILA;2021-06-24 18:00:00
75;AMA/UBS INTEGRADA VILA ITAPEMA;POSTO FIXO;R. COSTEIRA, 572 - JD ARISI - CEP: 03573-010 - Tel: 4780-5103/ 2724-6146;SEM FILA;2021-06-24 18:00:00
76;SAE DST/AIDS CIDADE LIDER II;POSTO FIXO;R. MEDIO IGUACU, 86 - CIDADE LIDER - CEP 08285130 - Tel: 27480255 / 27481139;SEM FILA;2021-06-24 17:53:00
77;UBS CIDADE LIDER;POSTO FIXO;AV. DR FRANCISCO MUNHOZ FILHO, 379 - CIDADE LIDER - CEP: 08280-000 - Tel: 2741-1563/ 2017-2743;SEM FILA;2021-06-24 17:59:00
78;UBS JARDIM MARILIA;POSTO FIXO;R. ELZA DOS ANJOS NEVES, 100 - CIDADE LIDER - CEP: 03585- 100 - Tel: 2743-9526/ 2746-3008;SEM FILA;2021-06-24 18:05:00
79;UBS JARDIM SANTA MARIA;POSTO FIXO;R. EMBIRATAÍ, 201 - JD SANTA MARIA - CEP: 03576-000 - Tel: 2724-7004/ 2727-4160;FILA PEQUENA;2021-06-24 17:49:00
80;UBS JARDIM SANTA TEREZINHA;POSTO FIXO;AV. DOS LATINOS, 205 - JD SANTA TEREZINHA - CEP: 03572- 000 - Tel: 2721-1815/ 2725-0711;FILA PEQUENA;2021-06-24 18:04:00
81;AMA/UBS INTEGRADA FAZENDA DO CARMO;POSTO FIXO;R. FRANCISCO CARDOSO JR., 10 - CIDADE TIRADENTES - CEP: 08421-105 - Tel: 4780-5109/ 2556-7600;SEM FILA;2021-06-24 17:55:00
82;UBS BARRO BRANCO;POSTO FIXO;R. EDUARDO REUTER, 678 - COHAB BARRO BRANCO II - CEP: 08473-533 - Tel: 4780-5068/ 2964-8826;SEM FILA;2021-06-24 17:03:00
83;UBS CARLOS GENTILE DE MELO;POSTO FIXO;AV. DOS TÊXTEIS, 3765 - CIDADE TIRADENTES - CEP: 08490- 600 - Tel: 4780-5108/ 2964-8081;SEM FILA;2021-06-24 16:47:00
84;UBS CASTRO ALVES;POSTO FIXO;R. CADERNO DE VIAGEM, 55 - COHAB CASTRO ALVES - CEP: 08474-170 - Tel: 4780-5077/ 2282-0320;SEM FILA;2021-06-24 17:51:00
85;UBS CIDADE TIRADENTES I - LUIS MARANHÃO;POSTO FIXO;AV. DOS TÊXTEIS, 512 - CIDADE TIRADENTES - CEP: 08490-600 - Tel: 4780-5110/ 2282-0250;FILA PEQUENA;2021-06-24 17:52:00
86;UBS DOM ANGELICO;POSTO FIXO;ESTRADA MANOEL OLIVEIRA RAMOS, 1 - CIDADE TIRADENTES - CEP: 08473-000 - Tel: 2555-3894/ 4780-5062;SEM FILA;2021-06-24 18:02:00
87;UBS FERROVIÁRIOS;POSTO FIXO;R. GONÇALVES NINA, 58 - CIDADE TIRADENTES - CEP: 08470- 610 - Tel: 2285-6477/ 4780-5063;SEM FILA;2021-06-24 17:50:00
88;UBS GRÁFICOS;POSTO FIXO;R. FRANCISCO JOSE VIANA, 708 - CIDADE TIRADENTES - CEP: 08471-530 - Tel: 2285-5685/ 4780-5065;SEM FILA;2021-06-24 18:20:00
89;UBS INACIO MONTEIRO;POSTO FIXO;R. INÁCIO MONTEIRO, 3002 - CIDADE TIRADENTES - CEP: 08490-000 - Tel: 4780-5066/ 2555-6455;SEM FILA;2021-06-24 17:58:00
90;UBS JARDIM VITÓRIA;POSTO FIXO;R. LAGEDO, 123 - CIDADE TIRADENTES - CEP: 08490-000 - Tel: 4780-5061/ 2964-2685;SEM FILA;2021-06-24 17:53:00
91;UBS NASCER DO SOL;POSTO FIXO;R. SENADOR NELSON CARNEIRO, 617 - CIDADE TIRADENTES - CEP: 08485300 - Tel: 4810-7700;SEM FILA;2021-06-24 17:57:00
92;UBS PREFEITO PRESTES MAIA;POSTO FIXO;R. INACIO PINTO LIMA, 35 - CIDADE TIRADENTES - CEP: 08490- 020 - Tel: 2555-5587/ 4780-5064;SEM FILA;2021-06-24 17:57:00
93;UBS PROFETA JEREMIAS;POSTO FIXO;R. LUIS BORDESE, 63 - CIDADE TIRADENTES - CEP: 08471-710 - Tel: 4780-5067/ 2558-3866;SEM FILA;2021-06-24 17:59:00
94;AMA/UBS INTEGRADA PROF. DR. HUMBERTO CERRUTI - PQ BOTURUSSU;POSTO FIXO;AV. OLAVO EGÍDIO DE SOUZA ARANHA, 704 - VL CISPER - CEP: 03822-000 - Tel: 2943-9991/ 2541-4685;SEM FILA;2021-06-24 17:55:00
95;UBS ERMELINO MATARAZZO;POSTO FIXO;R. ANTONIO DE FREITAS TOLEDO, 170 - ERMELINO MATARAZZO - CEP: 03809-060 - Tel: 2545-8235/ 2542-0945;FILA PEQUENA;2021-06-24 17:50:00
96;UBS JARDIM KERALUX;POSTO FIXO;R. LUCAS GONCALVES, 13 - JD KERALUX - CEP: 03828-000 - Tel: 2546-6177/ 2542-0837;SEM FILA;2021-06-24 17:51:00
97;UBS PEDRO DE SOUZA CAMPOS;POSTO FIXO;R. PAULO BIFANO ALVES, 764 - PQ BOTURUSSU - CEP: 03801- 000 - Tel: 2546-4111/ 2542-0663;SEM FILA;2021-06-24 17:54:00
98;UBS VILA CISPER;POSTO FIXO;R. CACULÉ, 79 - VL CISPER - CEP: 03817-220 - Tel: 2546-5100/ 2542-0154;SEM FILA;2021-06-24 18:01:00
99;UBS VILA PARANAGUÁ;POSTO FIXO;R. JOSÉ GOES NOGUEIRA, 70 - VL PARANAGUÁ - CEP: 03807- 380 - Tel: 2943-8044/ 2546-0098;SEM FILA;2021-06-24 18:46:00
100;AE SAO CARLOS;POSTO FIXO;R MACABU FONE: (11)2016-9559;SEM FILA;2021-06-24 18:00:00
101;AMA PRES JUSCELINO KUBITSCHEK;POSTO FIXO;AV UTARO KANAI FONE: (11)25554474;SEM FILA;2021-06-24 17:50:00
102;UBS GUAIANASES II;POSTO FIXO;R. COMANDANTE CARLOS RUHL, 189 - GUAIANASES - CEP: 08410-120 - Tel: 4780-5095/ 2554-4064;SEM FILA;2021-06-24 18:01:00
103;UBS JARDIM SOARES;POSTO FIXO;R. FELICIANO DE MENDONÇA, 496 - JD SOARES - CEP: 08460- 365 - Tel: 4780-5035/ 2557-7022;SEM FILA;2021-06-24 17:55:00
104;UBS PREFEITO CELSO AUGUSTO DANIEL;POSTO FIXO;R. JORGE MARACCINI PONFILIO, 210 - CJ. HAB JUSCELINO KUBITSCHEK - CEP: 08465-050 - Tel: 4780-5034/ 2556-7997;SEM FILA;2021-06-24 18:04:00
105;UBS VILA COSMOPOLITA;POSTO FIXO;R. ALDEIA MARIA, 258 - GUAIANASES - CEP: 08021-070 - Tel: 4780-5033/ 2555-8583;SEM FILA;2021-06-24 18:09:00
106;AMA/UBS INTEGRADA JARDIM DA CONQUISTA III;POSTO FIXO;TRAVESSA SOMOS TODOS IGUAIS, 330 - SÃO MATEUS - CEP: 08343-000 - Tel: 2735-4202;SEM FILA;2021-06-24 18:01:00
107;AMA/UBS INTEGRADA JARDIM DAS LARANJEIRAS;POSTO FIXO;R. BENTO GUELFI, 1100 - JD DA LARANJEIRAS - CEP: 08381-001 - Tel: 2731-7252;SEM FILA;2021-06-24 17:59:00
108;UBS CDHU PALANQUE;POSTO FIXO;R. PONTE DA AMIZADE (ALT. AV. RAGUEB CHOHFI, 7208), 2 - JD PALANQUE - CEP: 08375-000 - Tel: 2735-3820;SEM FILA;2021-06-24 18:00:00
109;UBS JARDIM DA CONQUISTA II;POSTO FIXO;TRAVESSA SOMOS TODOS IGUAIS, 915 - JD CONQUISTA - CEP: 08343-000 - Tel: 2253-9547/ 2735-3079;SEM FILA;2021-06-24 18:00:00
110;UBS JARDIM ROSELI;POSTO FIXO;R. SIMÃO NUNES, 31 - JD ROSELI - CEP: 08380-039 - Tel: 2731- 5143;SEM FILA;2021-06-24 18:00:00
111;UBS PARQUE BOA ESPERANÇA;POSTO FIXO;AV. RAGUEB CHOHFI, 3826 - JD AUGUSTO - CEP: 08490-500 - Tel: 2731-6484/ 2731-0669;SEM FILA;2021-06-24 18:16:00
112;UBS RECANTO VERDE SOL;POSTO FIXO;ESTRADA DOS FIDELIS, 10 - RECANTO VERDE SOL - CEP: 08382505 - Tel: 2734-3271;SEM FILA;2021-06-24 18:07:00
113;AMA/UBS INTEGRADA JARDIM DAS OLIVEIRAS;POSTO FIXO;R. JOSÉ DA CRUZ CAMARGO, 174 - ITAIM PAULISTA - CEP: 08122-100 - Tel: 2572-0367/ 2963-2415;FILA PEQUENA;2021-06-24 18:01:00
114;UBS CIDADE KEMEL;POSTO FIXO;AV. KEMEL ADDAS, 1031 - CIDADE KEMEL - CEP: 08131-220 - Tel: 2963-2346/ 2569-0515;SEM FILA;2021-06-24 18:16:00
115;UBS DR. ATUALPA GIRÃO RABELO;POSTO FIXO;R. ILHA DO ARVOREDO, 10 - VL MORGADO - CEP: 08140-270 - Tel: 4780-5087/ 2963-2634;SEM FILA;2021-06-24 19:02:00
116;UBS ENCOSTA NORTE;POSTO FIXO;R. RENATA AGONDI, 238 - ITAIM PAULISTA - CEP: 08131320 - Tel: 4780-5113/ 4780-2937;FILA MÉDIA;2021-06-24 17:45:00
117;UBS ITAIM PAULISTA - DR. JÚLIO DE GOUVEIA;POSTO FIXO;PRAÇA MAJOR JOSE LEVY SOBRINHO, 139 - ITAIM PAULISTA - CEP: 08110-460 - Tel: 2561-9443/ 2572-0672;SEM FILA;2021-06-24 17:55:00
118;UBS JARDIM CAMARGO NOVO;POSTO FIXO;R. GENERAL PEREIRA DE BERREDO, 275 - JD CAMARGO NOVO - CEP: 08121-260 - Tel: 2567-5959/ 2963-2610;SEM FILA;2021-06-24 17:53:00
119;UBS JARDIM INDAIÁ;POSTO FIXO;R. ANTONIO LEME DA GUERRA, 182 - ITAIM PAULISTA - CEP: 08141-130 - Tel: 2561-7904/ 2963-3711;SEM FILA;2021-06-24 17:55:00
120;UBS JARDIM NÉLIA;POSTO FIXO;R. ITAJUIBE, 1910 - ITAIM PAULISTA - CEP: 08142-000 - Tel: 4780- 5074/ 2963-3802;SEM FILA;2021-06-24 18:01:00
121;AMA/UBS INTEGRADA AGUIA DE HAIA;POSTO FIXO;R. TANTAS PALAVRAS, 59 - COHAB ÁGUIA DE HAIA - CEP: 08223-510 - Tel: 4780-5107/ 3756-3264;SEM FILA;2021-06-24 17:50:00
122;AMA/UBS INTEGRADA PARADA XV DE NOVEMBRO;POSTO FIXO;R. IBIAJARA, 804 - PARADA XI DE NOVEMBRO - CEP: 08246-101 - Tel: 2286-0017/ 2071-3232;SEM FILA;2021-06-24 18:01:00
123;AMA/UBS INTEGRADA VILA CARMOSINA;POSTO FIXO;R. IPOPOCA, 61 - ITAQUERA - CEP: 08290-330 - Tel: 2524-7796/ 2521-8544;SEM FILA;2021-06-24 17:58:00
124;UBS ITAQUERA;POSTO FIXO;R. AMÉRICO SALVADOR NOVELLI, 265 - ITAQUERA - CEP: 08210-090 - Tel: 2286-0015/ 2071-2422;FILA PEQUENA;2021-06-24 17:54:00
125;UBS URSI CONJUNTO AE CARVALHO;POSTO FIXO;R. CORRE CORRE, 30 - COHAB AE CARVALHO - CEP: 08225550 - Tel: 4780-5111;SEM FILA;2021-06-24 17:59:00
126;UBS VILA NOSSA SENHORA APARECIDA;POSTO FIXO;R. PAULINO SERQUEIRA x GUAIA GUAÇU, 1 - ITAQUERA - CEP: 08215-160 - Tel: 2079-7871/ 2073-6039;FILA PEQUENA;2021-06-24 17:53:00
127;UBS VILA RAMOS - DR. LUIZ AUGUSTO DE CAMPOS;POSTO FIXO;AV. AUGUSTO ANTUNES, 1631 - LIMOEIRO - CEP: 08235-630 - Tel: 4780-5060/ 2052-6945;SEM FILA;2021-06-24 18:01:00
128;UBS VILA REGINA;POSTO FIXO;R. CATARINA LOPES, 450 - VILA REGINA - CEP: 08225-000 - Tel: 2205-6003/ 2944-7662;FILA PEQUENA;2021-06-24 17:52:00
129;UBS VILA SANTANA;POSTO FIXO;R. VITOR JOSE DE CASTRO, 84 - VL SANTANA - CEP: 08240- 300 - Tel: 4780-5059/ 2051-3962;SEM FILA;2021-06-24 17:55:00
130;AMA/UBS INTEGRADA JARDIM HELENA;POSTO FIXO;AV. KUMAKI AOKI, 785 - JD HELENA - CEP: 08090-370 - Tel: 2581- 1661/ 2586-2971;SEM FILA;2021-06-24 18:14:00
131;AMA/UBS INTEGRADA PARQUE PAULISTANO;POSTO FIXO;R. SILVEIRA PIRES, 265 - PARQUE PAULISTANO - CEP: 08080- 160 - Tel: 2025-9469/ 2025-9468;FILA PEQUENA;2021-06-24 17:59:00
132;UBS JARDIM MAIA;POSTO FIXO;R. MARFIM VEGETAL, 108 - JD MAIA - CEP: 08081-330 - Tel: 2581-6962;SEM FILA;2021-06-24 17:53:00
133;UBS JD ROMANO VILA ITAIM;POSTO FIXO;R. RIO MANUEL ALVES, 182 - ITAIM PAULISTA - CEP: 08190-450 - Tel: 2581-3737/ 3678-5222;SEM FILA;2021-06-24 18:07:00
134;UBS TRÊS PONTES;POSTO FIXO;R. CAPACHOS, 136 - JARDIM CELIA - CEP: 08191330 - Tel: 4780- 5112;SEM FILA;2021-06-24 18:00:00
135;AMA/UBS INTEGRADA JOSÉ BONIFÁCIO I;POSTO FIXO;AV. PROF. OSVALDO DE OLIVEIRA, 610 - JD HELENA - CEP: 08420-280 - Tel: 2557-8844/ 2557-5136;SEM FILA;2021-06-24 18:00:00
136;AMA/UBS INTEGRADA JOSE BONIFACIO III - DRA. LUCY MAYUMI UDAKIRI;POSTO FIXO;R. SILVIO BARBINI, 40 - ITAQUERA - CEP: 08250-650 - Tel: 2944- 6086/ 2071-2500;FILA PEQUENA;2021-06-24 17:57:00
137;UBS JARDIM SÃO PEDRO - FRANCISCO ANTONIO CESARONI;POSTO FIXO;R. SILVIANOPOLIS, 370 - JD SÃO PEDRO - CEP: 08420-680 - Tel: 2552-5355/ 2557-8938;SEM FILA;2021-06-24 17:54:00
138;UBS JOSE BONIFACIO II;POSTO FIXO;R. MURMÚRIOS DA TARDE, 30 - COHAB JOSE BONIFÁCIO - CEP: 08253-580 - Tel: 2521-1226/ 2521-5325;SEM FILA;2021-06-24 19:01:00
139;UBS GUAIANAZES;POSTO FIXO;R. PROFESSOR COSME DEODATO TADEU, 90 - GUAIANASES - CEP: 08450-380 - Tel: 4780-5030/ 2557-8177;SEM FILA;2021-06-24 17:54:00
140;UBS JARDIM AURORA;POSTO FIXO;AV. CLAUDIO DA COSTA, 54 - GUAIANASES - CEP: 08431-160 - Tel: 4780-5093/ 2035-1671;SEM FILA;2021-06-24 18:25:00
141;UBS JARDIM BANDEIRANTES;POSTO FIXO;R. PACHECO ARANHA, 4 - GUAIANASES - CEP: 08450-410 - Tel: 4780-5027/ 2557-5273;FILA MÉDIA;2021-06-24 18:04:00
142;UBS JARDIM ETELVINA;POSTO FIXO;R. MANUEL TEODORO XAVIER, 138 - GUAIANASES - CEP: 08430-570 - Tel: 4780-5071/ 2035-1756;SEM FILA;2021-06-24 18:00:00
143;UBS JARDIM FANGANIELLO;POSTO FIXO;R. FRANCISCO NUNES CUBAS, 60 - LAJEADO - CEP: 08450-460 - Tel: 4780-5029/ 2557-6698;SEM FILA;2021-06-24 18:00:00
144;UBS JARDIM ROBRU - GUAIANASES;POSTO FIXO;AV. NORDESTINA, 5593 - LAJEADO - CEP: 08431-410 - Tel: 4780- 5094/ 2035-1860;SEM FILA;2021-06-24 17:56:00
145;UBS PRIMEIRO DE OUTUBRO;POSTO FIXO;TRAVESSA AÇUCENA DO BREJO, 16 B - JD LOURDES - CEP: 08441-010 - Tel: 2035-8010/ 4780-5032;SEM FILA;2021-06-24 17:52:00
146;UBS SANTA LUZIA;POSTO FIXO;R. CONJUNTO DA PAZ, 39 - JD MIRIAM - CEP: 08142-360 - Tel: 2569-1887/ 4780-5031;SEM FILA;2021-06-24 17:59:00
147;UBS VILA CHABILÂNDIA;POSTO FIXO;ESTRADA DO LAGEADO VELHO, 392 - LAJEADO - CEP: 08451- 000 - Tel: 4780-5092/ 2557-9571;SEM FILA;2021-06-24 18:21:00
148;AE MOOCA - ITALO DOMINGOS LE VOCCI;POSTO FIXO;R. Marina Crespi, 91;AGUARDANDO ABASTECIMENTO;2021-06-24 18:48:00
149;UBS MOOCA I;POSTO FIXO;R. TAQUARI, 549 - MOOCA - CEP: 03166-000 - Tel: 2618-5255/ 2291-5517;FILA GRANDE;2021-06-24 17:52:00
150;AMA/UBS INTEGRADA PARI;POSTO FIXO;R. DAS OLARIAS, 503 - CANINDÉ - CEP: 03030-020 - Tel: 3227- 0081;SEM FILA;2021-06-24 18:54:00
151;UBS GLEBA DO PÊSSEGO - VICENTE FIUZA DA COSTA;POSTO FIXO;R. CONFISSÃO, 786 - PQ DO CARMO - CEP: 08265-230 - Tel: 2522-3177/ 2521-8840;SEM FILA;2021-06-24 16:52:00
152;UBS JARDIM COPA - MATHILDE DE AQUINO DINIZ;POSTO FIXO;R. PONTA DE LUCENA, 330 - ITAQUERA - CEP: 08270-340 - Tel: 2524-5020/ 2522-6763;SEM FILA;2021-06-24 16:55:00
153;UBS JARDIM HELIAN;POSTO FIXO;R. JOÃO BARREIROS, 22 - JARDIM HELIAN - CEP: 08265130 - Tel: 4780-5097/ 2521-7615;SEM FILA;2021-06-24 17:59:00
154;UBS JARDIM NOSSA SENHORA DO CARMO;POSTO FIXO;R. VERÍSSIMO DA SILVA, 136 - JD NOSSA SRA.DO CARMO - CEP: 08275-270 - Tel: 4780-5099/ 2748-5103;SEM FILA;2021-06-24 19:00:00
155;UBS SANTO ESTEVÃO - CARMOSINA;POSTO FIXO;R. CACHOEIRA DA ILHA, 355 - ITAQUERA - CEP: 08270-110 - Tel: 2523-0577;FILA MÉDIA;2021-06-24 18:08:00
156;HOSPITAL DIA REDE HORA CERTA - PENHA;POSTO FIXO;Praça Nossa Sra. da Penha, 55 ;FILA MÉDIA;2021-06-24 18:08:00
157;UBS ENGENHEIRO TRINDADE;POSTO FIXO;AV. GABRIELA MISTRAL, 1168 - ENG. TRINDADE - CEP: 03701- 000 - Tel: 2641-6973/ 2642-7229;SEM FILA;2021-06-24 17:55:00
158;UBS VILA ESPERANÇA - DR. CASSIO BITENCOURT FILHO;POSTO FIXO;R. ALVINÓPOLIS, 1350 - VILA BEATRIZ - CEP: 03645000 - Tel: 2023-1137/ 2957-6630;FILA MÉDIA;2021-06-24 17:53:00
159;UBS VILA ESPERANÇA - DR. EMILIO SANTIAGO DE OLIVEIRA;POSTO FIXO;R. COREMU, 163 - VL ESPERANÇA - CEP: 03647-030 - Tel: 2958- 7502/ 2791-5322;FILA PEQUENA;2021-06-24 17:50:00
160;UBS VILA GRANADA - DR ALFREDO FERREIRA PAULINO FILHO;POSTO FIXO;R. MADALENA JULIA, 60 - VILA GRANADA - CEP: 03660010 - Tel: 2257-1194/ 2685-8036;SEM FILA;2021-06-24 17:50:00
161;AMA/UBS INTEGRADA JARDIM TRÊS MARIAS - DR. MAURICIO ZAMIJOVSKY;POSTO FIXO;R. BRENO ACCIOLI, 440 - VL SÃO FRANCISCO - CEP: 03676-040 - Tel: 2280-4388/ 2043-4617;FILA PEQUENA;2021-06-24 18:29:00
162;SAE DST/AIDS FIDELIS RIBEIRO;POSTO FIXO;R. PEIXOTO, 100 - PONTE RASA - CEP 03627010 - Tel: 26210217;SEM FILA;2021-06-24 15:57:00
163;UBS BURGO PAULISTA;POSTO FIXO;R. JOSÉ SILVA ALCANTARA FILHO, 210 - BURGO PAULISTA - CEP: 03680-000 - Tel: 2280-0080/ 2046-8809;SEM FILA;2021-06-24 17:51:00
164;UBS COSTA MELO;POSTO FIXO;R. LUIS ASSON, 165 - VL MONTEVIDEO - CEP: 03624-010 - Tel: 2958-2981/ 2685-8384;SEM FILA;2021-06-24 17:56:00
165;UBS DR. CARLOS OLIVALDO DE SOUZA LOPES MUNIZ - PONTE RASA;POSTO FIXO;R. JACO BERTILLON, 22 - ALTO DA PONTE RASA - CEP: 03894020 - Tel: 2041-1744/ 2047-3372;SEM FILA;2021-06-24 18:52:00
166;UBS JARDIM PENHA;POSTO FIXO;AV. SÃO MIGUEL, 4331 - PONTE RASA - CEP: 03871-000 - Tel: 2546-5867/ 2214-3227;SEM FILA;2021-06-24 17:54:00
167;UBS JARDIM POPULAR - MATHEUS SANTAMARIA;POSTO FIXO;AV. JAIME TORRES, 600 - JD POPULAR - CEP: 03670-000 - Tel: 2791-6421/ 2685-0439;SEM FILA;2021-06-24 17:52:00
168;AMA/UBS INTEGRADA JARDIM INDEPENDÊNCIA - HERMENEGILDO MORBIN JUNIOR;POSTO FIXO;R. PLANALTO DE CONQUISTA, 80 - JD INDEPENDÊNCIA - CEP: 03223-170 - Tel: 2115-3761/ 2211-2772;FILA PEQUENA;2021-06-24 17:50:00
169;UBS JARDIM GUAIRACÁ;POSTO FIXO;R. ERVA IMPERIAL, 501 - JD GUAIRACÁ - CEP: 03244-030 - Tel: 2115-9644/ 2301-1339;SEM FILA;2021-06-24 17:55:00
170;UBS PARQUE SÃO LUCAS;POSTO FIXO;R. DR NOGUEIRA DE NORONHA, 322 - PQ SÃO LUCAS - CEP: 03239-080 - Tel: 2918-3595/ 2211-2503;SEM FILA;2021-06-24 18:55:00
171;UBS REUNIDAS I;POSTO FIXO;R. SÃO JOSE DAS ESPINHARAS, 400 - VL INDUSTRIAL - CEP: 03249-030 - Tel: 2702-5924/ 2143-8183;FILA PEQUENA;2021-06-24 17:52:00
172;UBS VILA EMA - DR FUAD KASSAB;POSTO FIXO;R. GUSTAVO STACH, 140 - VILA EMA - CEP: 03277050 - Tel: 2116-3007;FILA PEQUENA;2021-06-24 17:56:00
173;UBS VILA HELOISA;POSTO FIXO;R. AIRES QUARESMA, 11 - VILA HELOISA - CEP: 03286-095 - Tel: 2302-2347/ 2910-4068;SEM FILA;2021-06-24 18:03:00
174;AMA/UBS INTEGRADA JARDIM TIETE I - OSCAR PEREIRA DA SILVA;POSTO FIXO;AV. ENGENHO NOVO, 120 - JD TIETÊ - CEP: 03943-020 - Tel: 2017-1431;SEM FILA;2021-06-24 18:00:00
175;SAE DST/AIDS SAO MATEUS;POSTO FIXO;AV. MATEO BEI, 838 - SÃO MATEUS - CEP 03943000 - Tel: 29190697 / 20117077;SEM FILA;2021-06-24 16:14:00
176;UBS CIDADE SATÉLITE - SANTA BARBARA;POSTO FIXO;R. SOL, 45 - CIDADE SATÉLITE STA. BARBARA - CEP: 08330-360 - Tel: 2919-5857/ 2012-8262;SEM FILA;2021-06-24 18:00:00
177;UBS JARDIM COLONIAL;POSTO FIXO;AV. JOSÉ RODRIGUES SANTARÉM, 464 - JD COLONIAL - CEP: 03968-010 - Tel: 2919-0554/ 2018-3519;SEM FILA;2021-06-24 17:51:00
178;UBS JARDIM IV CENTENÁRIO;POSTO FIXO;R. CAMPO FLORIDO, 482 - JD IMPERADOR - CEP: 03940-060 - Tel: 2721-4249/ 2726-0174;SEM FILA;2021-06-24 18:00:00
179;UBS JARDIM NOVE DE JULHO;POSTO FIXO;R. SIBALDO LINS, 146 - JD NOVE DE JULHO - CEP: 03953-100 - Tel: 2919-0200/ 2011-9815;SEM FILA;2021-06-24 18:00:00
180;UBS JARDIM PARAGUAÇU - DR. GONÇALO FELICIANO ALVES;POSTO FIXO;R. TAIOBEIRAS, 125 - JD PARAGUACU - CEP: 03941-060 - Tel: 2727-0484;SEM FILA;2021-06-24 18:04:00
181;UBS JARDIM TIETE II;POSTO FIXO;R. AUGUSTO FERREIRA RAMOS, 9 - JD TIETÊ - CEP: 03947-030 - Tel: 2017-0093/ 2919-5248;SEM FILA;2021-06-24 18:00:00
182;UBS SAO MATEUS - NAIR ALVES DE REZENDE NORIMBENI;POSTO FIXO;R. ANGELO DE CANDIA, 1058 - SÃO MATEUS - CEP: 03958-000 - Tel: 2919-1717;SEM FILA;2021-06-24 18:03:00
183;UBS CIDADE NOVA SÃO MIGUEL;POSTO FIXO;AV. MOHAMAD IBRAHIN SALEH, 902 - SÃO MIGUEL PAULISTA - CEP: 08042-290 - Tel: 2051-3560;FILA MÉDIA;2021-06-24 17:58:00
184;UBS JARDIM LAPENNA;POSTO FIXO;R. SERRA DA JURUOCA, 36 - SÃO MIGUEL PAULISTA - CEP: 08071-180 - Tel: 2058-3722;FILA PEQUENA;2021-06-24 18:02:00
185;UBS PAULO FELDMAN - NITRO OPERÁRIA;POSTO FIXO;R. CUMARU, 14 - SÃO MIGUEL PAULISTA - CEP: 08010-380 - Tel: 2956-6923;SEM FILA;2021-06-24 17:50:00
186;UBS VILA PROGRESSO;POSTO FIXO;R. REAL HORTO, 115 - VL PROGRESSO - CEP: 08245-260 - Tel: 2035-2488;SEM FILA;2021-06-24 18:02:00
187;AMA/UBS INTEGRADA JARDIM SANTO ANDRÉ;POSTO FIXO;R. MIGUEL FERREIRA DE MELO, 497 - JD SANTO ANDRÉ - CEP: 08390-000 - Tel: 2751-4339/ 2253-8623;SEM FILA;2021-06-24 18:00:00
188;AMA/UBS INTEGRADA JARDIM SAO FRANCISCO II;POSTO FIXO;R. BANDEIRA DE ARACAMBI, 704 - JD RODOLFO PIRANI - CEP: 08310-010 - Tel: 2751-6712/ 2751-0068;FILA PEQUENA;2021-06-24 18:06:00
189;UBS JARDIM CARRÃOZINHO;POSTO FIXO;R. MARCOS GONCALVES CORREIA, 25 - JD VILA CARRÃO - CEP: 08340-320 - Tel: 2754-0622;SEM FILA;2021-06-24 18:00:00
190;UBS JARDIM COLORADO - DR. JOSÉ PIRES;POSTO FIXO;R. DR JOSÉ DE ARAÚJO VIEIRA, 61 - SÃO RAFAEL - CEP: 08310- 240 - Tel: 2754-2382/ 2751-6474;SEM FILA;2021-06-24 18:00:00
191;UBS JARDIM DA CONQUISTA I;POSTO FIXO;R. PERAMIRIM (esq. R. MARCOS GONÇALVES CORREIA), 1 - VL BELA - CEP: 08340-500 - Tel: 2253-2723/ 2253-4573;SEM FILA;2021-06-24 18:00:00
192;UBS PARQUE SÃO RAFAEL - DRA. ORA ROSEN;POSTO FIXO;R. DR ARISTIDES RICARDO, 313 - PQ SÃO RAFAEL - CEP: 08311- 270 - Tel: 2919-5006;SEM FILA;2021-06-24 18:16:00
193;UBS RIO CLARO;POSTO FIXO;R. CINIRA POLÔNIO, 33 - JD RIO CLARO - CEP: 08395-320 - Tel: 2253-4307/ 2751-5112;SEM FILA;2021-06-24 18:55:00
194;AMA/UBS INTEGRADA JARDIM ELBA - HUMBERTO GASTÃO BODRA;POSTO FIXO;R. BATISTA FERGUSIO, 1016 - VL CARDOSO FRANCO - CEP: 03978-180 - Tel: 2704-3491/ 2704-8997;SEM FILA;2021-06-24 17:55:00
195;AMA/UBS INTEGRADA JARDIM GRIMALDI;POSTO FIXO;R. PEDRO DE CASTRO VELHO, 523 - VL BANCÁRIA - CEP: 03921-000 - Tel: 2216-8076/ 2302-2424;SEM FILA;2021-06-24 17:54:00
196;UBS FAZENDA DA JUTA I;POSTO FIXO;TRAVESSA LEV LANDAU, 23 A - FAZENDA DA JUTA - CEP: 03977-740 - Tel: 2015-3456/ 2015-3459;SEM FILA;2021-06-24 17:55:00
197;UBS FAZENDA DA JUTA II;POSTO FIXO;R. AUGUSTIN LUBERTI (ANTIGA AV. DOIS), 1102 - FAZENDA DA JUTA - CEP: 03977-000 - Tel: 2015-3444/ 2015-3439;SEM FILA;2021-06-24 17:54:00
198;UBS IAÇAPE - JARDIM PLANALTO;POSTO FIXO;R. IAÇAPÉ, 302 - PQ SANTA MADALENA - CEP: 03983-090 - Tel: 2703-1198/ 2703-1191;SEM FILA;2021-06-24 17:52:00
199;UBS IGUAÇU;POSTO FIXO;AV. DO ORATÓRIO, 6557 - VL INDUSTRIAL - CEP: 03221-300 - Tel: 2701-7213/ 2702-5934;SEM FILA;2021-06-24 18:55:00
200;UBS JARDIM DOS EUCALÍPTOS - HELIO MOREIRA SALLES;POSTO FIXO;R. POEMA DAS AMERICAS, 12 - JD DOS EUCALIPTOS - CEP: 03924-240 - Tel: 2701-7933/ 2718-1440;SEM FILA;2021-06-24 18:55:00
201;UBS JARDIM SAPOPEMBA;POSTO FIXO;R. JOÃO LOPES DE LIMA, 1151 - JARDIM SAPOPEMBA - CEP: 03976-020 - Tel: 2019-7077/ 2019-6305;FILA PEQUENA;2021-06-24 17:56:00
202;UBS JARDIM SINHA;POSTO FIXO;R. JIM CLARK, 10 - JARDIM SINHA - CEP: 03923-165 - Tel: 2721- 3798/ 2722-6823;SEM FILA;2021-06-24 17:53:00
203;UBS MASCARENHAS DE MORAES;POSTO FIXO;R. SARG. EDGAR LOURENÇO PINTO, 116 - CJ. MAL. MASCARENHAS DE MORAES - CEP: 03977-180 - Tel: 2919-1120/ 2014-1904;SEM FILA;2021-06-24 17:55:00
204;UBS PASTORAL;POSTO FIXO;R. BOLEADEIRAS, 127 - PQ SANTA MADALENA - CEP: 03980-120 - Tel: 2702-5889/ 2702-5888;SEM FILA;2021-06-24 18:50:00
205;UBS PRO MORAR;POSTO FIXO;R. GIOVANNI NASCO, 535 - CONJ HABITACIONAL TEOTONIO VILELA - CEP: 03928090 - Tel: 2036-1448;SEM FILA;2021-06-24 17:55:00
206;UBS REUNIDAS II;POSTO FIXO;AV. DA CASA GRANDE, 1258 - VL UNIÃO - CEP: 03260-000 - Tel: 2706-0555/ 2143-1356;SEM FILA;2021-06-24 17:55:00
207;UBS SANTA MADALENA;POSTO FIXO;R. PALMEIRA BACABA, 36 - JD ELBA - CEP: 03980-050 - Tel: 2702-5905/ 2702-5919;SEM FILA;2021-06-24 17:55:00
208;UBS TEOTONIO VILELA;POSTO FIXO;AV. ARQUITETO VILANOVA ARTIGAS, 1071 - JD SAPOPEMBA - CEP: 03928-240 - Tel: 2704-1383/ 2704-1340;SEM FILA;2021-06-24 17:55:00
209;UBS VILA RENATO;POSTO FIXO;R. BERNARDINO FERRAZ, 54 - VL RENATO - CEP: 03978-210 - Tel: 2703-0947/ 2703-0970;SEM FILA;2021-06-24 18:00:00
210;UBS VILA SANTO ESTEVÃO - WOADY JORGE KALIL;POSTO FIXO;R. ANTONIO CAMARDO, 678 - VL GOMES CARDIM - CEP: 03309- 060 - Tel: 2294-3029/ 2274-0222;FILA GRANDE;2021-06-24 17:51:00
211;UBS DOM JOÃO NERY;POSTO FIXO;ESTRADA DOM JOAO NERY, 3462 - JD NAZARE - CEP: 08151- 000 - Tel: 2566-3624/ 4780-5089;SEM FILA;2021-06-24 17:54:00
212;UBS JARAGUÁ;POSTO FIXO;R. DOMINGUES VIDIGAL, 97 - VL CURUÇÁ - CEP: 08160-350 - Tel: 4780-5041/ 2061-8076;SEM FILA;2021-06-24 17:54:00
213;UBS JARDIM CAMPOS;POSTO FIXO;R. CRESCENTE, 97 - ITAIM PAULISTA - CEP: 08160-080 - Tel: 2035-4922/ 3808-2655;SEM FILA;2021-06-24 18:56:00
214;UBS JARDIM ROBRU - MESSIAS JOSE DA SILVA;POSTO FIXO;R. JOSÉ MARIA ALVES DE DEUS, 288 - JD ROBRU - CEP: 08150- 350 - Tel: 4780-5042/ 2035-2406;SEM FILA;2021-06-24 18:59:00
215;UBS JARDIM SILVA TELLES;POSTO FIXO;R. JOSÉ ALEXANDRE MACHADO, 541 - ITAIM PAULISTA - CEP: 08160-460 - Tel: 4780-5044/ 2561-8034;SEM FILA;2021-06-24 18:00:00
216;UBS PARQUE SANTA RITA;POSTO FIXO;R. JOSÉ PESSOTA, 80 - PQ SANTA RITA - CEP: 08150-020 - Tel: 4780-5043/ 2513-7109;SEM FILA;2021-06-24 17:58:00
217;UBS VILA CURUÇÁ;POSTO FIXO;R. PEDRO MEIRA, 1 - VL CURUÇÁ - CEP: 08030-500 - Tel: 4780- 5037/ 2035-4311;SEM FILA;2021-06-24 18:12:00
218;UBS VILA NOVA CURUÇÁ;POSTO FIXO;R. NARCEJA, 51 - SÃO MIGUEL PAULISTA - CEP: 08032-340 - Tel: 4780-5088/ 2035-2292;SEM FILA;2021-06-24 19:02:00
219;UBS COMENDADOR JOSÉ GONZALES;POSTO FIXO;R. NOSSA SENHORA DAS DORES, 350 - VL FORMOSA - CEP: 03367-040 - Tel: 2910-0235/ 2216-7583;SEM FILA;2021-06-24 17:55:00
220;UBS VILA FORMOSA I - DR. ANTONIO DA SILVEIRA E OLIVEIRA;POSTO FIXO;R. ACURUÍ, 720 - VL FORMOSA - CEP: 03355-000 - Tel: 2671- 0888/ 2673-3404;SEM FILA;2021-06-24 17:52:00
221;UBS VILA FORMOSA II;POSTO FIXO;Rua Ouricuri, 455 - VL FORMOSA - CEP: 03364000 - Tel: 2674- 5246/ 5594-0179;SEM FILA;2021-06-24 17:52:00
222;UBS VILA GUARANI;POSTO FIXO;R. TERESINHA, 123 - JD MARINGÁ - CEP: 03382-180 - Tel: 2910- 2958/ 2910-5889;SEM FILA;2021-06-24 17:56:00
223;AMA/UBS INTEGRADA SÍTIO DA CASA PINTADA;POSTO FIXO;AV. MARIA SANTANA, 1069 - SÃO MIGUEL PAULISTA - CEP: 08040-450 - Tel: 2053-0800/ 2052-6755;FILA MÉDIA;2021-06-24 18:04:00
224;UBS CIDADE PEDRO JOSÉ NUNES;POSTO FIXO;R. JOSÉ BARGAS, 143 - JD PEDRO JOSE NUNES - CEP: 08061- 020 - Tel: 2297-5453/ 2956-5492;SEM FILA;2021-06-24 17:54:00
225;UBS JARDIM DAS CAMÉLIAS;POSTO FIXO;AV. TRÊVO DE SANTA MARIA, 79 - SÃO MIGUEL PAULISTA - CEP: 08050-570 - Tel: 2051-8788;SEM FILA;2021-06-24 18:00:00
226;UBS JARDIM SAO CARLOS;POSTO FIXO;AV. CESAR AUGUSTO ROMARO, 500 - VILA NORMA - CEP: 08062000 - Tel: 4810-0660;SEM FILA;2021-06-24 18:08:00
227;UBS SANTA INÊS;POSTO FIXO;R. FREI FIDELIS MOTA, 1001 - PQ CRUZEIRO DO SUL - CEP: 08070-130 - Tel: 2297-9669;SEM FILA;2021-06-24 17:59:00
228;UBS THÉRSIO VENTURA;POSTO FIXO;R. ARRAIAL DE SANTA BARBARA, 996 - CIDADE PEDRO J NUNES - CEP: 08061-360 - Tel: 2545-1026;SEM FILA;2021-06-24 17:55:00
229;UBS UNIÃO DE VILA NOVA ;POSTO FIXO;R. RIO CINCO VOLTAS, 205 - SÃO MIGUEL PAULISTA - CEP: 08071100 - Tel: 2037-7779/ 2956-3837;SEM FILA;2021-06-24 18:10:00
230;UBS VILA JACUÍ;POSTO FIXO;R. EDIPO FELICIANO, 165 - VL JACUÍ - CEP: 08060-220 - Tel: 2297-8709/ 2297-8422;SEM FILA;2021-06-24 18:11:00
231;UBS CIDADE PATRIARCA;POSTO FIXO;R. DR FREDERICO BROTERO, 22 - CIDADE PATRIARCA - CEP: 03552-080 - Tel: 2958-1488;SEM FILA;2021-06-24 17:55:00
232;UBS JARDIM MARINGÁ - VILA TALARICO;POSTO FIXO;R. MUANÁ, 214 - JARDIM MARINGÁ - CEP: 03525-090 - Tel: 2269- 3944/ 2781-0637;SEM FILA;2021-06-24 18:55:00
233;UBS VILA ARICANDUVA;POSTO FIXO;R. ANTONIO LINDOURO DA SILVA, 265 - VL ARICANDUVA - CEP: 03506-000 - Tel: 2294-8853;FILA PEQUENA;2021-06-24 17:54:00
234;UBS VILA GUILHERMINA - DR. AMERICO RASPA NETO;POSTO FIXO;R. JOÃO MARCHIORI, 59 - VL GUILHERMINA - CEP: 03547-020 - Tel: 2685-2124/ 2791-5321;SEM FILA;2021-06-24 17:55:00
235;UBS VILA MATILDE - DR. RUBENS DO VAL;POSTO FIXO;R. MARCONDES DE BRITO, 1304 - VL MATILDE - CEP: 03509- 000 - Tel: 2653-4391;SEM FILA;2021-06-24 17:48:00
236;AMA/UBS INTEGRADA VILA CALIFORNIA - ZEILIVAL BRUSCAGIN;POSTO FIXO;PRAÇA CONDE DE SÃO JANUÁRIO, 91 - VL CALIFORNIA - CEP: 03215-080 - Tel: 2917-1117/ 2317-3461;SEM FILA;2021-06-24 17:55:00
237;UBS VILA ALPINA - DR. HERMINIO MOREIRA;POSTO FIXO;R. PARAMU, 398 - VL ALPINA - CEP: 03147-100 - Tel: 2912-8958/ 2917-0136;SEM FILA;2021-06-24 18:05:00
238;UBS VILA PRUDENTE;POSTO FIXO;PRAÇA DO CENTENÁRIO DE VILA PRUDENTE - VEIGA CABRAL, 108 - VL PRUDENTE - CEP: 03132-050 - Tel: 2272-5763/ 2062-3975;FILA PEQUENA;2021-06-24 18:54:00
239;AMA/UBS INTEGRADA PARQUE ANHANGUERA;POSTO FIXO;R. PIERRE RENOIR - VIA ANHANGUERA KM 24,5, 100 - JD BRITANIA - CEP: 05269-030 - Tel: 3916-6160/ 3916-6375;SEM FILA;2021-06-24 16:48:00
240;UBS JARDIM ROSINHA;POSTO FIXO;R. DALVA DE OLIVEIRA, 82 - MORRO DOCE - CEP: 05274-001 - Tel: 3916-4100/ 3911-3141;SEM FILA;2021-06-24 17:00:00
241;UBS MORADA DO SOL;POSTO FIXO;R. ASSIS BRASIL X PÇA. LUIZ VAZ DE CAMÕES, 31 - SOL NASCENTE - CEP: 05281-130 - Tel: 3941-4364;FILA PEQUENA;2021-06-24 16:59:00
242;UBS MORRO DOCE;POSTO FIXO;R. ALBERTO CALIX, 55 - JD CANAÃ - CEP: 05267-030 - Tel: 3916- 2059;SEM FILA;2021-06-24 16:58:00
243;AMA/UBS INTEGRADA JARDIM LADEIRA ROSA;POSTO FIXO;R. JOSÉ DA COSTA GAVIÃO, 150 - BRASILÂNDIA - CEP: 02872- 000 - Tel: 3851-8818/ 3982-6380;SEM FILA;2021-06-24 18:47:00
244;UBS AUGUSTO LEOPOLDO AYROSA GALVÃO;POSTO FIXO;R. JOAQUINA MARIA DOS SANTOS, 198 - VL RICA - CEP: 02860- 110 - Tel: 3851-8235/ 3983-0900;SEM FILA;2021-06-24 18:50:00
245;UBS BRASILÂNDIA;POSTO FIXO;R. PARAPUÃ, 1646 - BRASILÂNDIA - CEP: 02831-001 - Tel: 3921- 3830/ 3921-8713;SEM FILA;2021-06-24 18:47:00
246;UBS FATIMA DE JESUS VIANA ROSA - VILA PENTEADO;POSTO FIXO;R. URUPEVA, 219 - VL PENTEADO - CEP: 02866-080 - Tel: 3851- 8201/ 3985-3545;SEM FILA;2021-06-24 18:50:00
247;UBS JARDIM GUARANI;POSTO FIXO;R. SANTANA DO ARAÇUAÍ, 160 - BRASILÂNDIA - CEP: 02849-130 - Tel: 3921-5540/ 3921-6385;SEM FILA;2021-06-24 19:01:00
248;UBS JARDIM ICARAI - BRASILANDIA - DR DANIEL ALVES GRANGEIRO;POSTO FIXO;R. ALMIR DEHAR, 201 - BRASILÂNDIA - CEP: 02846-000 - Tel: 3921-0818/ 3921-8739;SEM FILA;2021-06-24 18:45:00
249;UBS JARDIM VISTA ALEGRE;POSTO FIXO;R. IBIRAIARAS, 21 - BRASILÂNDIA - CEP: 02878-080 - Tel: 3983- 1197/ 3982-0651;SEM FILA;2021-06-24 18:45:00
250;UBS MARIA CECÍLIA F. DONNANGELO;POSTO FIXO;R. RUI DE MORAES APOCALIPSE, 2 - BRASILÂNDIA - CEP: 02842-260 - Tel: 3921-7759/ 3924-1788;SEM FILA;2021-06-24 18:44:00
251;UBS NOVA ESPERANÇA - PAULISTANO II;POSTO FIXO;R. MIRACI, 94 - JD. PAULISTANO II - CEP: 02812-220 - Tel: 3972- 5526/ 3974-6206;SEM FILA;2021-06-24 18:58:00
252;UBS SILMARYA REJANE M.DE SOUZA;POSTO FIXO;R. EUVALDO AUGUSTO FREIRE, 20 - BRASILÂNDIA - CEP: 02855-030 - Tel: 3921-1078/ 3923-1520;SEM FILA;2021-06-24 18:53:00
253;UBS DRA. ILZA WELTMAN HUTZLER;POSTO FIXO;R. CORONEL WALFRIDO DE CARVALHO, S/N - VL NOVA CACHOEIRINHA - CEP: 02472-000 - Tel: 3981-3127/ 2267-3414;SEM FILA;2021-06-24 18:46:00
254;UBS JARDIM PERI;POSTO FIXO;AV. PERI RONCHETTI, 914 - JD PERI - CEP: 02633-000 - Tel: 2231-8771/ 2255-5708;SEM FILA;2021-06-24 18:45:00
255;UBS VILA DIONISIA;POSTO FIXO;R. CHEN FERRAZ FALCÃO, 50 - VL DIONISIA - CEP: 02670-040 - Tel: 3984-9329/ 3851-7483;SEM FILA;2021-06-24 18:52:00
256;UBS VILA DIONISIA II;POSTO FIXO;R. SETE DE DEZEMBRO, 73 - VL. NOVA CACHOCHEIRINHA - CEP: 02617-060 - Tel: 2208-1943;SEM FILA;2021-06-24 18:51:00
257;AMA/UBS INTEGRADA MASSAGISTA MÁRIO AMÉRICO;POSTO FIXO;R. OSCAR DE MOURA LACERDA, 231 - IMIRIM - CEP: 02541-070 - Tel: 2239-1561/ 2255-8417;SEM FILA;2021-06-24 19:05:00
258;UBS CASA VERDE ALTA;POSTO FIXO;R. LAVINIO SALES ARCURI, 120 - CASA VERDE ALTA - CEP: 02564-000 - Tel: 3858-8592/ 3966-9572;FILA PEQUENA;2021-06-24 18:50:00
259;UBS DR. WALTER ELIAS - CASA VERDE BAIXA;POSTO FIXO;R. MOURÃO VIEIRA, 11 - CASA VERDE BAIXA - CEP: 02518-020 - Tel: 3858-8593/ 3858-8626;SEM FILA;2021-06-24 18:59:00
260;UBS PARQUE PERUCHE;POSTO FIXO;R. JOSÉ RANGEL DE CAMARGO, 500 - PQ PERUCHE - CEP: 02538-010 - Tel: 3858-8303/ 3951-6756;SEM FILA;2021-06-24 18:45:00
261;AMA/UBS INTEGRADA VILA PALMEIRAS;POSTO FIXO;R. FRANCISCO LOTUFO, 24 - FREGUESIA DO Ó - CEP: 02727- 020 - Tel: 3931-8242/ 3931-7923;SEM FILA;2021-06-24 18:45:00
262;AMB.ESP.FÓ;POSTO FIXO;R. Bonifácio Cubas, 304 - Freguesia do Ó, São Paulo - SP, 02731-000;SEM FILA;2021-06-24 18:46:00
263;SAE DST/AIDS NOSSA SENHORA DO Ó;POSTO FIXO;AVENIDA ITABERABA N.° 1377, FREGUESIA DO Ó. SÃO PAULO, SP -  Tel: 3975-9473;SEM FILA;2021-06-24 18:45:00
264;UBS CRUZ DAS ALMAS;POSTO FIXO;R. PADRE FELICIANO DOMINGOS, 90 - FREGUESIA DO Ó - CEP: 02965-140 - Tel: 3975-3531/ 3992-2975;SEM FILA;2021-06-24 18:46:00
265;UBS JARDIM GUANABARA;POSTO FIXO;AV. MINISTRO PETRÔNIO PORTELA, 663 - FREGUESIA DO Ó - CEP: 02959-000 - Tel: 3975-2134/ 3992-8432;SEM FILA;2021-06-24 18:45:00
266;UBS VILA PROGRESSO - JD MONTE ALEGRE;POSTO FIXO;R. ANTONIO GENELLE, 30 - JD MONTE ALEGRE - CEP: 02811- 020 - Tel: 3992-2349/ 3975-2893;SEM FILA;2021-06-24 18:56:00
267;UBS VILA RAMOS - FREGUESIA DO Ó;POSTO FIXO;R. FERRAZ DE VASCONCELOS, 80 - NOSSA SENHORA DO O - CEP: 02760060 - Tel: 3924-0208/ 3921-4111;SEM FILA;2021-06-24 18:54:00
268;UBS DR. JOSÉ DE TOLEDO PIZA;POSTO FIXO;AV. ANTONIO CÉSAR NETO, 387 - JAÇANÃ - CEP: 02276-000 - Tel: 2241-7317/ 2243-7038;NÃO FUNCIONANDO;2021-06-24 18:49:00
269;UBS JAÇANÃ – DR. SEBASTIÃO GABRIEL SAYAGO DE LAET;POSTO FIXO;R. SÃO GERALDINO, 222 - VL CONSTÂNÇA - CEP: 02258-220 - Tel: 2240-0065/ 2242-8876;NÃO FUNCIONANDO;2021-06-24 18:54:00
270;UBS JOVA RURAL;POSTO FIXO;R. ALFEU DE ALCANTARA MONTEIRO, 280 - CONJUNTO HABITACIONAL JOVA RURAL - CEP: 02281200 - Tel: 3053-4125;NÃO FUNCIONANDO;2021-06-24 18:51:00
271;UBS PARQUE EDU CHAVES;POSTO FIXO;AV. EDU CHAVES, 1197 - PQ EDU CHAVES - CEP: 02229-001 - Tel: 2243-6694/ 2243-0052;NÃO FUNCIONANDO;2021-06-24 18:49:00
272;UBS VILA NOVA GALVÃO - SÔNIA REGINA CAMPANELLI;POSTO FIXO;R. ALFEU LUIS GASPARINI, 116 - VL NOVA GALVÃO - CEP: 02281-110 - Tel: 2241-7366/ 2242-0108;NÃO FUNCIONANDO;2021-06-24 18:48:00
273;AMA/UBS INTEGRADA CITY JARAGUA;POSTO FIXO;ESTRADA DE TAIPAS (ESQ. RUA PAULO ARENTINO), 1648 - JARAGUÁ - CEP: 02991-000 - Tel: 3947-2690;SEM FILA;2021-06-24 18:50:00
274;AMA/UBS INTEGRADA ELISIO TEIXEIRA LEITE;POSTO FIXO;AV. JOÃO AMADO COUTINHO, 400 - JARAGUÁ - CEP: 02815-000 - Tel: 3972-0333/ 3971-2572;SEM FILA;2021-06-24 18:52:00
275;AMA/UBS INTEGRADA JARDIM IPANEMA;POSTO FIXO;R. PEDRO RAVARA, 11-A - JARAGUÁ - CEP: 05187-300 - Tel: 3941-3457/ 3941-2119;SEM FILA;2021-06-24 18:50:00
276;UBS ALPES DO JARAGUÁ;POSTO FIXO;ALAMEDA DAS LIMEIRAS, 46 - ALPES DO JARAGUA - CEP: 05187-634 - Tel: 3941-1169/ 3945-5958;SEM FILA;2021-06-24 18:51:00
277;UBS INTERATIVA;POSTO FIXO;R. INTERATIVA, 105 - JARDIM PAULISTANO - CEP: 02996150 - Tel: 3973-7510;SEM FILA;2021-06-24 18:50:00
278;UBS JARDIM PANAMERICANO;POSTO FIXO;R. BARRA DA FORQUILHA, 38 - JD PANAMERICANO - CEP: 02993-060 - Tel: 3928-1270/ 3941-1362;SEM FILA;2021-06-24 18:53:00
279;UBS JARDIM RINCÃO;POSTO FIXO;R. ARROIO DA PALMA, 67 - JARDIM RINCÃO - CEP: 02991-050 - Tel: 3941-4763;SEM FILA;2021-06-24 18:49:00
280;UBS PARQUE NAÇÕES UNIDAS (SEM TERRA);POSTO FIXO;R. ARACY RONDON AMARANTE, 22 - JARDIM SANTA LUCRECIA - CEP: 02996180 - Tel:;SEM FILA;2021-06-24 18:50:00
281;UBS UNIÃO DAS VILAS DE TAIPAS;POSTO FIXO;AV. ELISIO TEIXEIRA LEITE, 7703 - JARAGUÁ - CEP: 02810-000 - Tel: 3972-1355/ 3971-2432;SEM FILA;2021-06-24 18:48:00
282;AMA/UBS INTEGRADA VILA BARBOSA;POSTO FIXO;AV. MANDAQUI, 197 - LIMÃO - CEP: 02550-000 - Tel: 3858-1822/ 3966-1302;SEM FILA;2021-06-24 18:55:00
283;UBS ADELAIDE LOPES;POSTO FIXO;AV. CLAVÁSIO ALVES DA SILVA, 683 - LIMÃO - CEP: 02728-030 - Tel: 3936-8370/ 3933-0366;NÃO FUNCIONANDO;2021-06-24 19:00:00
284;UBS VILA ESPANHOLA;POSTO FIXO;AV. JOÃO DOS SANTOS ABREU, 650 - VL ESPANHOLA - CEP: 02566-010 - Tel: 2263-1569;SEM FILA;2021-06-24 18:50:00
285;UBS VILA SANTA MARIA;POSTO FIXO;R. PROFESSOR DARIO RIBEIRO, 670 - CASA VERDE ALTA - CEP: 02559-000 - Tel: 3965-1686/ 3965-6035;SEM FILA;2021-06-24 18:59:00
286;AMA/UBS INTEGRADA LAUZANE PAULISTA;POSTO FIXO;R. VALORBE, 80 - LAUZANE PAULISTA - CEP: 02442-140 - Tel: 2231-8619/ 2258-5818;NÃO FUNCIONANDO;2021-06-24 19:06:00
287;UBS DOMINGOS MAZZONETO DE CILO - VILA AURORA;POSTO FIXO;R. ENGENHEIRO JEAN BUFF, 126 - CHÁCARA DO ENCOSTO - CEP: 02417-180 - Tel: 2232-2244/ 2235-1053;NÃO FUNCIONANDO;2021-06-24 18:53:00
288;UBS HORTO FLORESTAL;POSTO FIXO;R. LUIS CARLOS GENTILE DE LAET X R. DO HORTO, 603 - HORTO FLORESTAL - CEP: 02378-000 - Tel: 2994-5688/ 2204- 8421;NÃO FUNCIONANDO;2021-06-24 18:58:00
289;AMA/UBS INTEGRADA PERUS;POSTO FIXO;PRAÇA VIGARIO JOÃO GONÇALVES DE LIMA, 239 - PERUS - CEP: 05208-260 - Tel: 3917-0707/ 3917-6245;FILA PEQUENA;2021-06-24 16:52:00
290;UBS RECANTO DOS HUMILDES;POSTO FIXO;R. PAVÃO, 36 A - RECANTO DOS HUMILDES - CEP: 05210-000 - Tel: 3915-6452/ 3917-5870;SEM FILA;2021-06-24 16:58:00
291;UBS VILA CAIÚBA;POSTO FIXO;R. PRESIDENTE VARGAS, 540 - PERUS - CEP: 05207-000 - Tel: 3835-2063;FILA PEQUENA;2021-06-24 16:56:00
292;AMA/UBS INTEGRADA VILA PEREIRA BARRETO;POSTO FIXO;R. DOM MANOEL DELBOUX, 76 - JD SÃO JOSE - CEP: 02932- 110 - Tel: 3975-9019;SEM FILA;2021-06-24 18:50:00
293;UBS CHÁCARA INGLESA;POSTO FIXO;R. DA LIGAÇAO (PRÓX. R MANUEL FURTADO), 95 - CHÁCARA INGLESA - CEP: 05142-120 - Tel: 3834-5985/ 3832-7587;SEM FILA;2021-06-24 18:52:00
294;UBS DOMINGOS MANTELLI;POSTO FIXO;R. POVOADO DO RIO NOVO, 1778 - PIRITUBA - CEP: 02956-020 - Tel: 3974-3829/ 3974-8389;SEM FILA;2021-06-24 18:53:00
295;UBS JARDIM CIDADE PIRITUBA;POSTO FIXO;R. COM. FEIZ ZARZUR (FRENTE À R.DOMINGOS MOREIRA), 640 - JD CID. PIRITUBA - CEP: 02942-000 - Tel: 3971-0525/ 3974-8210;SEM FILA;2021-06-24 18:50:00
296;UBS MOINHO VELHO;POSTO FIXO;PRAÇA DOMINGOS COELHO, 5 - VL PEREIRA CERCA - CEP: 02933-180 - Tel: 3976-7601/ 3992-2370;SEM FILA;2021-06-24 18:50:00
297;UBS VILA MAGGI;POSTO FIXO;R. CONDE MONTERONE, 40 - JD DOS CUNHAS - CEP: 02982- 190 - Tel: 3972-1435/ 3972-9389;SEM FILA;2021-06-24 18:45:00
298;UBS VILA PIRITUBA;POSTO FIXO;R. RIBEIRÃO VERMELHO, 501 - VL PIRITUBA - CEP: 05170-000 - Tel: 3901-6192/ 3904-2509;SEM FILA;2021-06-24 18:50:00
299;UBS VILA ZATT;POSTO FIXO;R. MONSENHOR MANUEL GOMES, 77 - PIRITUBA - CEP: 02975- 120 - Tel: 3975-2116;SEM FILA;2021-06-24 18:52:00
300;SAE DST/AIDS SANTANA - MARCOS LUTEMBERG;POSTO FIXO; R. DR. Luiz Lustosa da Silva, 339 - CEP 2406040 - Tel 2950-9217;NÃO FUNCIONANDO;2021-06-24 17:28:00
301;UBS CHORA MENINO;POSTO FIXO;R. COPACABANA, 185 - SANTA TEREZINHA - CEP: 02461-000 - Tel: 2950-1451/ 2281-8786;NÃO FUNCIONANDO;2021-06-24 18:51:00
302;UBS JOAQUIM ANTONIO EIRADO;POSTO FIXO;AV. BRAZ LEME, 2945 - SANTANA - CEP: 02022-011 - Tel: 2973- 0733/ 2978-7992;NÃO FUNCIONANDO;2021-06-24 19:00:00
303;AMA/UBS INTEGRADA ANHANGUERA;POSTO FIXO;R. MARCELA ALVES DE CASSIA, 175 - JD JARAGUÁ - CEP: 05158-400 - Tel: 3904-8999/ 3906-8408;SEM FILA;2021-06-24 18:49:00
304;AMA/UBS INTEGRADA PARQUE MARIA DOMITILA;POSTO FIXO;AV. DO ANASTÁCIO (ESQ. RUA WILLIS ROBERTO BANKS), 2421 - PQ MARIA DOMITILA - CEP: 05119-000 - Tel: 3903-5572/ 3902- 2303;SEM FILA;2021-06-24 18:47:00
305;UBS SANTO ELIAS;POSTO FIXO;R. FABIO DE ALMEIDA MAGALHÃES, 494 - JD SANTO ELIAS - CEP: 05135-370 - Tel: 3973-8620/ 3904-0016;SEM FILA;2021-06-24 18:56:00
306;UBS VILA MANGALOT;POSTO FIXO;R. PORTÃO PRETO, 220 - VILA MANGALOT - CEP: 05131-120 - Tel: 3904-1292/ 3906-9891;SEM FILA;2021-06-24 18:52:00
307;AMA/UBS INTEGRADA JARDIM JOAMAR;POSTO FIXO;R. ADAUTO BEZERRA DELGADO, 230 - JD JOAMAR - CEP: 02320-110 - Tel: 2994-3734/ 2204-8387;NÃO FUNCIONANDO;2021-06-24 18:50:00
308;UBS DONA MARIQUINHA SCIASCIA;POSTO FIXO;R. DR JOSÉ VICENTE, 39 - TREMEMBÉ - CEP: 02370-080 - Tel: 2203-2489/ 2203-0063;NÃO FUNCIONANDO;2021-06-24 18:56:00
309;UBS JARDIM APUANA;POSTO FIXO;R. HUM (REF.:R.FILHOS DA TERRA), 19 - JD FILHOS DA TERRA - CEP: 02325-530 - Tel: 2243-4469/ 2240-5277;NÃO FUNCIONANDO;2021-06-24 16:54:00
310;UBS JARDIM DAS PEDRAS;POSTO FIXO;R. CLÓVIS SALGADO, 220 - JD DAS PEDRAS - CEP: 02267-020 - Tel: 2992-2313/ 2992-2494;NÃO FUNCIONANDO;2021-06-24 16:51:00
311;UBS JARDIM FLOR DE MAIO;POSTO FIXO;AV. NOVA PAULISTA, 561 - JD FLOR DE MAIO - CEP: 02363-000 - Tel: 2995-6006/ 3598-4150;NÃO FUNCIONANDO;2021-06-24 16:52:00
312;UBS JARDIM FONTALIS;POSTO FIXO;R. MOTA, 05 - JARDIM MARTINS SILVA - CEP: 02323035 - Tel: 2995-6257/ 2267-3796;NÃO FUNCIONANDO;2021-06-24 18:50:00
313;UBS VILA ALBERTINA - DR OSVALDO MARÇAL;POSTO FIXO;R. ANTONIO JOAQUIM DE OLIVEIRA, 224 - VL ESMERALDA - CEP: 02356-020 - Tel: 2204-9986/ 2204-5773;NÃO FUNCIONANDO;2021-06-24 18:54:00
314;AE TUCURUVI - PROF ARMANDO DE AGUIAR PUPO;POSTO FIXO;Avenida Nova Cantareira, 1467 - Tucuruvi - CEP 02331-002 Tel: 2996-7679;NÃO FUNCIONANDO;2021-06-24 18:44:00
315;AMA/UBS INTEGRADA WAMBERTO DIAS DA COSTA;POSTO FIXO;R. PAULO CESAR, 60 - TREMEMBÉ - CEP: 02311-240 - Tel: 2203- 8992/ 2952-0679;NÃO FUNCIONANDO;2021-06-24 18:50:00
316;UBS CONJUNTO DO IPESP;POSTO FIXO;AV. PROFª. VIRGILIA RODRIGUES A. C. PINTO, 555 - LEONOR MENDES DE BARROS - CEP: 02346-000 - Tel: 2203-0111/ 2262- 3478;NÃO FUNCIONANDO;2021-06-24 18:56:00
317;UBS VILA NIVI;POSTO FIXO;PRAÇA CAMPINÓPOLIS, 125 - VL NIVI - CEP: 02252-160 - Tel: 2201-7219/ 2951-7670;NÃO FUNCIONANDO;2021-06-24 18:54:00
318;AMA/UBS INTEGRADA VILA GUILHERME;POSTO FIXO;R. JOÃO VENTURA BATISTA, 615 - VL GUILHERME - CEP: 02054- 100 - Tel: 2901-5883/ 2906-2685;SEM FILA;2021-06-24 18:59:00
319;UBS CARANDIRU;POSTO FIXO;R. JOSE PEREIRA JORGE, 305 - CARANDIRU - CEP: 02067-020 - Tel: 3475-8800;SEM FILA;2021-06-24 19:13:00
320;UBS VILA IZOLINA MAZZEI;POSTO FIXO;R. ORLANDO RIBEIRO DANTAS, 154 - VL IZOLINA MAZZEI - CEP: 02083-010 - Tel: 3478-6121/ 2201-6586;SEM FILA;2021-06-24 18:51:00
321;UBS VILA LEONOR;POSTO FIXO;AV. ANGELINA, 770 - VL LEONOR - CEP: 02077-000 - Tel: 3478- 6315/ 2207-4797;SEM FILA;2021-06-24 18:50:00
322;UBS JARDIM JAPÃO;POSTO FIXO;R. SOBRAL JUNIOR, 452 - VL MARIA ALTA - CEP: 02130-020 - Tel: 3478-7368/ 2954-2851;SEM FILA;2021-06-24 18:50:00
323;UBS PARQUE NOVO MUNDO I;POSTO FIXO;R. BENEDITA DORNELAS CLARO, 451 - PQ NOVO MUNDO - CEP: 02168-020 - Tel: 2954-1747/ 2635-5603;NÃO FUNCIONANDO;2021-06-24 19:07:00
324;UBS PARQUE NOVO MUNDO II;POSTO FIXO;R. SOLDADO ANTONIO MATIAS DE CAMARGO, 87 - PQ NOVO MUNDO - CEP: 02188-050 - Tel: 3883-7808/ 2954-4580;SEM FILA;2021-06-24 18:53:00
325;UBS VILA MARIA - DR. LUIZ PAULO GNECCO;POSTO FIXO;R. ANDRÉ DA FONSECA, 70 - VL MUNHOZ - CEP: 02135-010 - Tel: 3475-5211/ 3475-5216;SEM FILA;2021-06-24 18:55:00
326;AMA/UBS INTEGRADA JARDIM BRASIL;POSTO FIXO;R. FRANCISCO PEIXOTO BEZERRA, 400 - JD BRASIL - CEP: 02222-010 - Tel: 2201-4101/ 3471-8851;SEM FILA;2021-06-24 18:50:00
327;AMA/UBS INTEGRADA VILA MEDEIROS;POSTO FIXO;R. EURICO SODRE, 353 - VL MEDEIROS - CEP: 02215-010 - Tel: 3478-6368/ 2981-5578;SEM FILA;2021-06-24 18:57:00
328;UBS JARDIM JULIETA;POSTO FIXO;R. BALTHAZAR FIDELIS, 258 - JARDIM GUANCÃ - CEP: 02151- 080 - Tel: 2209-6930/ 2201-1256;SEM FILA;2021-06-24 18:51:00
329;UBS VILA EDE;POSTO FIXO;R. PADRE MARCOS SIMONI, 390 - VL EDE - CEP: 02203-010 - Tel: 3478-5908/ 2212-4596;SEM FILA;2021-06-24 19:21:00
330;UBS VILA SABRINA - DR. CARLOS AUGUSTO AUTRAN PEDERNEIRAS LIMA;POSTO FIXO;R. FRANCISCO FRANCO MACHADO, 150 - VL. SABRINA - CEP: 02139-020 - Tel: 3478-7250/ 3478-7252;SEM FILA;2021-06-24 18:59:00
331;UBS ALTO DE PINHEIROS;POSTO FIXO;AV. QUEIROZ FILHO, 313 - ALTO DE PINHEIROS - CEP: 05319- 000 - Tel: 3023-4588/ 3022-7074;SEM FILA;2021-06-24 18:56:00
332;CSE BUTANTÃ ;POSTO FIXO;Av. Vital Brasil, 1490 - Butantã, São Paulo - SP, 05503-000;NÃO FUNCIONANDO;2021-06-24 17:37:00
333;UBS BUTANTÃ;POSTO FIXO;R. CABRAL DE MENEZES, 51 - VL GOMES - CEP: 05590-050 - Tel: 3726-1838/ 3726-8591;SEM FILA;2021-06-24 18:58:00
334;UBS CAXINGUI - NANCI ABRANCHES;POSTO FIXO;R. LADISLAU ROMAN, 410 - CAXINGUI - CEP: 05515-030 - Tel: 3721-6406/ 3722-4686;SEM FILA;2021-06-24 18:46:00
335;UBS DR. JOSÉ DE BARROS MAGALDI;POSTO FIXO;R. SALVADOR CARDOSO, 177 - ITAIM BIBI - CEP: 04533-050 - Tel: 3168-6571/ 3167-0837;SEM FILA;2021-06-24 18:58:00
336;UBS JARDIM EDITE - GERONCIO HENRIQUE NETO;POSTO FIXO;R. CHARLES COULOMB, 80 - CIDADE MONÇÕES - CEP: 04576- 030 - Tel: 4329-8860/ 4329-8861;SEM FILA;2021-06-24 18:54:00
337;UBS MENINÓPOLIS - DR. MARIO FRANCISCO NAPOLITANO;POSTO FIXO;R. OSCAR GOMES CARDIM, 128/142 - BROOKLIN NOVO - CEP: 04580-040 - Tel: 5096-1058/ 5535-8839;SEM FILA;2021-06-24 19:01:00
338;AMA/UBS INTEGRADA VILA PIAUÍ;POSTO FIXO;PRAÇA CAMILO CASTELO BRANCO, 10 - VL PIAUÍ - CEP: 05109- 270 - Tel: 3621-4508/ 3621-6964;SEM FILA;2021-06-24 18:44:00
339;UBS VILA JAGUARA;POSTO FIXO;R. PAÚVA, 721 - VL JAGUARA - CEP: 05116-001 - Tel: 3625-1775/ 3621-4440;SEM FILA;2021-06-24 18:56:00
340;AMA/UBS INTEGRADA VILA NOVA JAGUARÉ;POSTO FIXO;R. SALATIEL DE CAMPOS, 222 - JAGUARÉ - CEP: 05333-010 - Tel: 3768-1527/ 3714-2461;SEM FILA;2021-06-24 19:00:00
341;UBS VILA ANASTÁCIO;POSTO FIXO;R. CONSELHEIRO OLEGARIO, 239 - VILA ANASTACIO - CEP: 05093040 - Tel: 2774-1243/ 2774-1547;SEM FILA;2021-06-24 19:14:00
342;UBS VILA IPOJUCA - DRA. WANDA COELHO DE MORAES;POSTO FIXO;R. CATÃO, 1266 - LAPA - CEP: 05049-000 - Tel: 3676-1399/ 3676- 1394;SEM FILA;2021-06-24 18:56:00
343;UBS VILA ROMANA;POSTO FIXO;R. VESPASIANO, 679 - VL ROMANA - CEP: 05044-050 - Tel: 3672- 0911/ 3862-4102;SEM FILA;2021-06-24 19:12:00
344;UBS REAL PARQUE - DR. PAULO MANGABEIRA ALBERNAZ FILHO;POSTO FIXO;R. BARÃO DE MELGAÇO, 339 - REAL PARQUE - CEP: 05684-030 - Tel: 3758-2329/ 3758-2133;SEM FILA;2021-06-24 18:50:00
345;UBS JARDIM VERA CRUZ - PERDIZES;POSTO FIXO;R. SARAMENHA, 60 - PERDIZES - CEP: 01259-030 - Tel: 3673- 8552/ 3801-4278;SEM FILA;2021-06-24 18:55:00
346;CSE GERALDO DE PAULA SOUZA;POSTO FIXO;Av. Dr. Arnaldo, 925 - Sumaré, São Paulo - SP, 01246-000;SEM FILA;2021-06-24 18:54:00
347;UBS DR. MANOEL JOAQUIM PÊRA;POSTO FIXO;R. PURPURINA, 280 - VL MADALENA - CEP: 05435-030 - Tel: 3032-9891/ 3813-1030;FILA MÉDIA;2021-06-24 18:45:00
348;AMA/UBS INTEGRADA JARDIM SÃO JORGE - DR. PAULO EDUARDO ELIAS;POSTO FIXO;R. ANGELO APARECIDO DOS SANTOS DIAS, 331 - JD SÃO JORGE - CEP: 05568-090 - Tel: 3781-3817/ 3781-3816;SEM FILA;2021-06-24 18:51:00
349;AMA/UBS INTEGRADA PAULO VI;POSTO FIXO;AV. VATICANO, 69 - JD JOAO XXIII - CEP: 05569-120 - Tel: 3782- 0838/ 3782-8595;SEM FILA;2021-06-24 18:40:00
350;UBS JARDIM BOA VISTA;POSTO FIXO;R. CANDIDO FONTOURA, 620 - JD BOA VISTA - CEP: 05583-070 - Tel: 3782-8380/ 3782-8371;SEM FILA;2021-06-24 19:04:00
351;UBS VILA BORGES;POSTO FIXO;R. JACINTO DE MORAES, 22 - JD CLAUDIA - CEP: 05546-040 - Tel: 3782-4739/ 3782-4908;SEM FILA;2021-06-24 18:33:00
352;UBS JARDIM DABRIL;POSTO FIXO;R. PAULO MARANHÃO, 444 - JD DABRIL - CEP: 05398-130 - Tel: 3782-1687/ 3782-4742;SEM FILA;2021-06-24 18:45:00
353;UBS JOSÉ MARCÍLIO MALTA CARDOSO;POSTO FIXO;R. BERNARDO GUERTZENSTEIN, 45 - RIO PEQUENO - CEP: 05381-020 - Tel: 3718-0425/ 3768-1569;SEM FILA;2021-06-24 19:06:00
354;UBS RIO PEQUENO - DR. PAULO DE BARROS FRANÇA;POSTO FIXO;R. PADRE FRANCISCO LIBERMANN, 318 - RIO PEQUENO - CEP: 05353-160 - Tel: 3768-9460/ 3714-8764;SEM FILA;2021-06-24 18:36:00
355;UBS SÃO REMO;POSTO FIXO;R. BALTAZAR RABELO, 167 - RIO PEQUENO - CEP: 05360-170 - Tel: 3768-2217/ 3768-2202;SEM FILA;2021-06-24 18:44:00
356;UBS VILA DALVA - ENG. GUILHERME HENRIQUE PINTO COELHO;POSTO FIXO;R. GUSTAVO BERTHIER, 155 - VL DALVA - CEP: 05386-110 - Tel: 3712-0704/ 3712-1387;SEM FILA;2021-06-24 18:50:00
357;UBS PARQUE DA LAPA;POSTO FIXO;R. BERGSON, 52 - PQ DA LAPA - CEP: 05301-060 - Tel: 3836- 8029/ 3644-8989;SEM FILA;2021-06-24 18:54:00
358;AMA/UBS INTEGRADA VILA SONIA;POSTO FIXO;R. ABRAÃO CALIL REZEK, 91 - VL SONIA - CEP: 05625-050 - Tel: 3742-9844/ 3744-2982;SEM FILA;2021-06-24 17:02:00
359;UBS JARDIM COLOMBO;POSTO FIXO;R. FREI BONIFACIO DUX, 40 - JARDIM COLOMBO - CEP: 05629- 000 - Tel: 3768-2809/ 3744-2982;SEM FILA;2021-06-24 18:45:00
360;UBS JARDIM JAQUELINE;POSTO FIXO;R. BONIFÁCIO VERONESE, 10 - JD JAQUELINE - CEP: 05529-060 - Tel: 3751-1665/ 3751-4285;SEM FILA;2021-06-24 18:50:00
361;UBS JARDIM AEROPORTO - DR. MASSAKI UDIHARA;POSTO FIXO;R. VIEIRA DE MORAIS, 1752 - CAMPO BELO - CEP: 04617-006 - Tel: 5542-9672/ 5532-1152;NÃO FUNCIONANDO;2021-06-24 19:00:00
362;UBS CAMPO GRANDE;POSTO FIXO;R. MONLEVADE, 195 - VILA ROMANO - CEP: 04679345 - Tel: 5631-3181/ 5634-1643;FILA GRANDE;2021-06-24 17:56:00
363;UBS VILA ARRIETE-DECIO PACHECO PEDROSO;POSTO FIXO;R. JULIETA DE ARAUJO ALMEIDA, 44 - JD ARAUJO ALMEIDA ARRIETE - CEP: 04445-010 - Tel: 5611-4046;NÃO FUNCIONANDO;2021-06-24 17:00:00
364;SAE DST / AIDS CAMPO LIMPO;POSTO FIXO;RUA VITORIO EMANUELE ROSSI, 97 - JARDIM BOM REFUGIO;SEM FILA;2021-06-24 18:00:00
365;UBS ALTO DO UMUARAMA;POSTO FIXO;R. ODEMIS, 468 - JD UMUARAMA - CEP: 05783-180 - Tel: 5816- 3342/ 5819-5730;SEM FILA;2021-06-24 17:55:00
366;UBS ARRASTÃO - DR. FRANCISCO SCALAMANDRE SOBRINHO;POSTO FIXO;R. DR JOVIANO PACHECO AGUIRRE, 255 - CAMPO LIMPO - CEP: 05788-290 - Tel: 5841-2654/ 5844-4839;NÃO FUNCIONANDO;2021-06-24 18:56:00
367;UBS CAMPO LIMPO;POSTO FIXO;R. JORGE OZZI, 211 - JD CATANDUVA - CEP: 05767-450 - Tel: 5841-1871/ 5841-5260;NÃO FUNCIONANDO;2021-06-24 19:00:00
368;UBS JARDIM HELGA;POSTO FIXO;R. THOMAS DE ARAUJO, 53 - JD HELGA - CEP: 05794-380 - Tel: 5842-2956/ 5842-2399;NÃO FUNCIONANDO;2021-06-24 16:55:00
369;UBS JARDIM MITSUTANI;POSTO FIXO;R. FREI XISTO TEUBER, 50 - JD MITSUTANI - CEP: 05791-080 - Tel: 5842-9292;SEM FILA;2021-06-24 18:21:00
370;UBS JARDIM OLINDA;POSTO FIXO;R. CANORI, 190 - JD OLINDA - CEP: 05757-250 - Tel: 5846-1788/ 5842-9626;NÃO FUNCIONANDO;2021-06-24 18:56:00
371;UBS PARQUE ARARIBA;POSTO FIXO;R. FRANCISCO SOARES, 81 - JD INGÁ - CEP: 05774-300 - Tel: 5511-5573/ 5816-5540;FILA MÉDIA;2021-06-24 17:51:00
372;UBS PARQUE REGINA - PERINA ALVES TEIXEIRA;POSTO FIXO;R. MELO COUTINHO, 260 - PQ REGINA - CEP: 05775-230 - Tel: 5511-8585/ 5816-5561;SEM FILA;2021-06-24 19:15:00
373;AMA/UBS INTEGRADA PQ FERNANDA;POSTO FIXO;R. ERNESTO SOARES FILHO, 301 - PQ FERNANDA - CEP: 05888- 070 - Tel: 5821-1632/ 5824-6721;SEM FILA;2021-06-24 17:57:00
374;UBS JARDIM COMERCIAL;POSTO FIXO;R. COSTA NOVA DO PRADO, 92 - JD LILAH - CEP: 05885-190 - Tel: 5873-4880/ 5874-6120;NÃO FUNCIONANDO;2021-06-24 18:57:00
375;UBS JARDIM ELEDY;POSTO FIXO;R. SEBASTIAO ADVINCULA CUNHA, 470 - JD ELEDY - CEP: 05856-140 - Tel: 5823-4937/ 5821-4302;NÃO FUNCIONANDO;2021-06-24 19:12:00
376;UBS JARDIM GERMANIA;POSTO FIXO;R. JOÃO FUGULIM, 338 - JD GERMANIA - CEP: 05849-340 - Tel: 5511-1761/ 5816-2622;NÃO FUNCIONANDO;2021-06-24 17:00:00
377;UBS JARDIM LIDIA;POSTO FIXO;R. GUTEMBERG JOSÉ FERREIRA, 50 - JD LIDIA - CEP: 05860- 070 - Tel: 5511-4428/ 5816-5547;SEM FILA;2021-06-24 19:10:00
378;UBS JARDIM MACEDÔNIA;POSTO FIXO;R. SORIANO DE ALBUQUERQUE, 77 - JD MACEDONIA - CEP: 05894-440 - Tel: 5824-7707/ 5823-6158;NÃO FUNCIONANDO;2021-06-24 18:55:00
379;UBS JARDIM MAGDALENA;POSTO FIXO;R. VITORIANO PALHARES, 221 - JD MAGDALENA - CEP: 05890- 320 - Tel: 5824-6020/ 5824-5347;NÃO FUNCIONANDO;2021-06-24 19:00:00
380;UBS JARDIM MARACÁ;POSTO FIXO;R. FERES BECHARA, 506 - JD MARACA - CEP: 05867-390 - Tel: 5874-4720/ 5874-4721;NÃO FUNCIONANDO;2021-06-24 19:00:00
381;UBS JARDIM SÃO BENTO;POSTO FIXO;R. JOÃO ROBALO, 64 - JD SÃO BENTO - CEP: 05881-000 - Tel: 5873-2681/ 5874-6115;NÃO FUNCIONANDO;2021-06-24 18:53:00
382;UBS JARDIM VALQUIRIA;POSTO FIXO;AV. CARLOS LACERDA, 3093 - JD VALQUIRIA - CEP: 05789-001 - Tel: 5825-6166;NÃO FUNCIONANDO;2021-06-24 19:01:00
383;UBS LUAR DO SERTÃO;POSTO FIXO;R. LUAR DO SERTÃO, 980 - CHÁCARA STA. MARIA - CEP: 05879- 450 - Tel: 5871-9484;NÃO FUNCIONANDO;2021-06-24 18:53:00
384;UBS PARQUE ENGENHO II;POSTO FIXO;AV. DOM RODRIGO SANCHES, 700 - PQ ENGENHO - CEP: 05892- 360 - Tel: 5821-2274/ 5825-5124;NÃO FUNCIONANDO;2021-06-24 18:57:00
385;AMA/UBS INTEGRADA JARDIM MIRIAM - MANOEL SOARES DE OLIVEIRA;POSTO FIXO;AV. SANTO AFONSO, 419 - JD MIRIAM - CEP: 04426-000 - Tel: 5622-7869/ 5621-7569;SEM FILA;2021-06-24 17:04:00
386;AMA/UBS INTEGRADA VILA IMPÉRIO;POSTO FIXO;R. CATARINA GABRIELLI, 236 - AMERICANÓPOLIS - CEP: 04408- 090 - Tel: 5624-6554/ 5622-3899;NÃO FUNCIONANDO;2021-06-24 19:00:00
387;AMA/UBS INTEGRADA VILA JOANIZA - JOÃO YUNES;POSTO FIXO;R. LUIS VIVES, 85 - VL JOANIZA - CEP: 04404-150 - Tel: 5622- 0844/ 5626-2428;SEM FILA;2021-06-24 18:21:00
388;AMA/UBS INTEGRADA VILA MISSIONÁRIA;POSTO FIXO;R. RAINHA DAS MISSOES, 515 - VL MISSIONÁRIA - CEP: 04430- 100 - Tel: 5612-2270/ 5612-9815;NÃO FUNCIONANDO;2021-06-24 19:00:00
389;UBS CIDADE JULIA;POSTO FIXO;R. PASCOAL GRIECO, 366 - CIDADE JULIA - CEP: 04421-150 - Tel: 5623-6669/ 5623-9993;SEM FILA;2021-06-24 16:57:00
390;UBS JARDIM MIRIAM II;POSTO FIXO;AV. CUPECÊ, 5185 - JARDIM PRUDÊNCIA - CEP: 04365-001 - Tel: 5622-6998/ 5623-6959;FILA MÉDIA;2021-06-24 17:51:00
391;UBS JARDIM NITERÓI;POSTO FIXO;R. SAMUEL ARNOLD, 596 - JD NITEROI - CEP: 04434-000 - Tel: 5611-0122/ 5611-6688;SEM FILA;2021-06-24 18:00:00
392;UBS JARDIM SÃO CARLOS - CIDADE ADEMAR;POSTO FIXO;R. CLAUDIA MUZIO, 163 - JD SÃO CARLOS - CEP: 04429-280 - Tel: 5621-9200/ 5623-9273;NÃO FUNCIONANDO;2021-06-24 18:58:00
393;UBS JARDIM UMUARAMA;POSTO FIXO;R. ANTONIO GIL, 721 - VL FILOMENA - CEP: 04655-000 - Tel: 5563-9070/ 5566-1611;NÃO FUNCIONANDO;2021-06-24 18:57:00
394;UBS SÃO JORGE - CIDADE ADEMAR;POSTO FIXO;AV. EDUARDO PEREIRA RAMOS, 810 - JD DOMIITLA - CEP: 04432-000 - Tel: 5611-3527/ 5611-6933;NÃO FUNCIONANDO;2021-06-24 19:00:00
395;UBS VILA CONSTÂNCIA - DR VICENTE OCTAVIO GUIDA;POSTO FIXO;R. HERMENEGILDO MARTINI, S/Nº - VL CONSTÂNCIA - CEP: 04657-010 - Tel: 5562-6944/ 5562-6957;NÃO FUNCIONANDO;2021-06-24 18:58:00
396;UBS VILA IMPERIO - DRA GILDA TERA TAHIRA;POSTO FIXO;R. DR NESTOR SAMPAIO PENTEADO, 181 - AMERICANÓPOLIS - CEP: 04409-060 - Tel: 5624-6786/ 5624-6797;SEM FILA;2021-06-24 17:06:00
397;SAE DST / AIDS CIDADE DUTRA;POSTO FIXO;RUA CRISTINA VASCONCELOS CECCATO, 109 - CIDADE DUTRA;NÃO FUNCIONANDO;2021-06-24 18:03:00
398;UBS AUTÓDROMO-DR FAUZER SIMÃO ABRÃO;POSTO FIXO;R. OSWALDO DINIZ, 51 - JARDIM SATELITE - CEP: 04815-330 - Tel: 5923-4050/ 5925-4362;NÃO FUNCIONANDO;2021-06-24 16:58:00
399;UBS DR. SÉRGIO CHADDAD;POSTO FIXO;AV. CARLOS OBERHUBER, 659 - VL SÃO JOSE - CEP: 04836- 130 - Tel: 5924-3636/ 5928-9529;NÃO FUNCIONANDO;2021-06-24 18:51:00
400;UBS JARDIM CLIPER;POSTO FIXO;RUA DR CARLOS PEZZOLO, S/N - JARDIM ESMERALDA - CEP: 04828070 - Tel: 5928-5703/ 5971-2532;NÃO FUNCIONANDO;2021-06-24 18:58:00
401;UBS JARDIM ORION/GUANHEMBU;POSTO FIXO;R. FERNANDO AMARO MIRANDA, 51 - JARDIM COLONIAL - CEP: 04821-100 - Tel: 2362-2343/ 2362-2360;NÃO FUNCIONANDO;2021-06-24 18:57:00
402;UBS JARDIM REPÚBLICA;POSTO FIXO;AV. GONÇALO DE PAIVA GOMES, 285 - JD REPUBLICA - CEP: 04812-090 - Tel: 5661-4470/ 5661-5654;NÃO FUNCIONANDO;2021-06-24 18:54:00
403;UBS JORDANÓPOLIS;POSTO FIXO;R. JANGADA NOVA, 75 - JORDANOPOLIS - CEP: 04830200 - Tel: 5973-6400;SEM FILA;2021-06-24 16:59:00
404;AMA/UBS INTEGRADA VILA MORAES - DR. JOÃO PAULO BOTELHO VIEIRA;POSTO FIXO;R. GIOVANNI DI BALDUCCIO, 250 - VL MORAES - CEP: 04170- 000 - Tel: 5058-0891/ 5058-0891;FILA MÉDIA;2021-06-24 18:12:00
405;UBS ÁGUA FUNDA;POSTO FIXO;R. ROSA DE MORAES, 91 - VL ÁGUA FUNDA - CEP: 04155-000 - Tel: 5073-6253/ 5058-5007;SEM FILA;2021-06-24 17:45:00
406;UBS JARDIM DA SAÚDE - NEUSA ROSALIA MORALES;POSTO FIXO;R. DOMINGOS DE ROGATIS, 187 - JD DA SAUDE - CEP: 04290- 080 - Tel: 5062-9586/ 5062-9317;FILA MÉDIA;2021-06-24 17:52:00
407;UBS PROF JANDIRA MASSUR - VL GUMERCINDO;POSTO FIXO;R. DOM LUCIO DE SOUZA, 372 - VL GUMERCINDO - CEP: 04129- 040 - Tel: 5062-7232/ 5061-5315;SEM FILA;2021-06-24 18:40:00
408;AMA/UBS INTEGRADA JARDIM CASTRO ALVES - DRA MARIA CRISTINA F;POSTO FIXO;AV. JOÃO PAULO BARRETO, 131 - JD CASTRO ALVES - CEP: 04842-150 - Tel: 5971-2157/ 5928-1714;NÃO FUNCIONANDO;2021-06-24 19:04:00
409;AMA/UBS INTEGRADA JARDIM MIRNA;POSTO FIXO;R. DR JUVENAL HUDSON FERREIRA, 13 - JD MIRNA - CEP: 04856-140 - Tel: 5527-8798/ 5526-5175;NÃO FUNCIONANDO;2021-06-24 18:57:00
410;UBS ALCINA PIMENTEL PIZA;POSTO FIXO;ESTRADA DE ITAQUAQUECETUBA, 8855 - ILHA DO BORORÉ - CEP: 04846-010 - Tel: 5974-2289/ 5974-9764;NÃO FUNCIONANDO;2021-06-24 16:57:00
411;UBS ANCHIETA;POSTO FIXO;R. ALZIRO PINHEIRO MAGALHAES, 638 - PQ SÃO RAFAEL - CEP: 04855000 - Tel: 5928-1837;NÃO FUNCIONANDO;2021-06-24 19:29:00
412;UBS CANTINHO DO CÉU;POSTO FIXO;R. DOS ACORDES, 200 - CANTINHO DO CEU - CEP: 04849-558 - Tel: 5932-7805/ 5931-0209;NÃO FUNCIONANDO;2021-06-24 18:47:00
413;UBS CHÁCARA DO CONDE;POSTO FIXO;R. CONSTELAÇÃO DO ESQUADRO, 5 - JD CAMPINAS - CEP: 04858-010 - Tel: 5938-6611/ 5938-3109;NÃO FUNCIONANDO;2021-06-24 18:55:00
414;UBS CHACARA DO SOL;POSTO FIXO;R. JOÃO CARLOS DE OLIVEIRA, 3 - CHACARA DO SOL - CEP: 04855-515 - Tel: 5931-4151;NÃO FUNCIONANDO;2021-06-24 15:48:00
415;UBS CHACARA SANTO AMARO;POSTO FIXO;R. LUIZ CARLOS DE ALMEIDA, 51 - CHACARA SANTO AMARO - CEP: 04875-120 - Tel: 5974-9922/ 5974-2486;NÃO FUNCIONANDO;2021-06-24 16:02:00
416;UBS GAIVOTAS;POSTO FIXO;AV. SÃO PAULO, 23-A - JD GAIVOTA - CEP: 04849-000 - Tel: 5932- 6799/ 5932-6407;NÃO FUNCIONANDO;2021-06-24 19:00:00
417;UBS JARDIM ELIANE;POSTO FIXO;R. HENRY ARTHUR JONES, 201 - JD ELIANA - CEP: 04851-002 - Tel: 5931-5240/ 5528-1887;NÃO FUNCIONANDO;2021-06-24 19:00:00
418;UBS JARDIM LUCELIA;POSTO FIXO;AV. CARLOS BARBOSA DOS SANTOS, 895 - JD LUCELIA - CEP: 04852220 - Tel: 5528-5660;NÃO FUNCIONANDO;2021-06-24 18:49:00
419;UBS JARDIM NOVO HORIZONTE;POSTO FIXO;R. CARUANENSE, 186 - JARDIM NOVO HORIZONTE - CEP: 04857-300 - Tel: 5938-2208;NÃO FUNCIONANDO;2021-06-24 18:58:00
420;UBS JARDIM TRÊS CORAÇÕES;POSTO FIXO;R. GENERAL JOSÉ DE OLIVEIRA RAMOS, 275 - JD TRÊS CORAÇÕES - CEP: 04855-330 - Tel: 5528-6223/ 5931-5969;NÃO FUNCIONANDO;2021-06-24 18:50:00
421;UBS PARQUE RESIDENCIAL COCAIA INDEPENDENTE;POSTO FIXO;R. FELINTO MILANEZ, 26 - PQ RESIDENCIAL COCAIA - CEP: 04849-040 - Tel: 5931-0209/ 5931-4766;NÃO FUNCIONANDO;2021-06-24 19:42:00
422;UBS SHANGRILA/ELLUS;POSTO FIXO;R. SEM NOME, 16 - JD SHANGRILA - CEP: 04852032 - Tel: 59322180;NÃO FUNCIONANDO;2021-06-24 16:53:00
423;UBS VARGINHA;POSTO FIXO;R. HENRIQUE MUZZIO, 383 - JD VARGINHA - CEP: 04857-040 - Tel: 5526-3988/ 5527-2709;NÃO FUNCIONANDO;2021-06-24 19:05:00
424;UBS VILA NATAL;POSTO FIXO;AV. PROFª. MARTA MARIA BERNARDES, 246 - VILA NATAL - CEP: 04863-000 - Tel: 5527-4071;NÃO FUNCIONANDO;2021-06-24 18:54:00
425;AMA/UBS INTEGRADA SÃO VICENTE DE PAULA;POSTO FIXO;R. VICENTE DA COSTA, 289 - IPIRANGA - CEP: 04266-050 - Tel: 2273-4592/ 2063-2362;FILA GRANDE;2021-06-24 17:54:00
426;UBS ALMIRANTE DELLAMARE;POSTO FIXO;R. ALM. MARIATH, 62 - VL HELIÓPOLIS - CEP: 04218-040 - Tel: 2061-9030/ 2062-8018;FILA PEQUENA;2021-06-24 17:51:00
427;UBS DR. JOAQUIM ROSSINI;POSTO FIXO;R. ALVARO FRAGOSO, 480 - VL CARIOCA - CEP: 04223-000 - Tel: 2273-4602/ 2272-1083;SEM FILA;2021-06-24 17:50:00
428;UBS HELIOPOLIS;POSTO FIXO;AV. ALMIRANTE DELAMARE, 3033 - CIDADE NOVA HELIOPOLIS - CEP: 04230-040 - Tel: 2063-0855;SEM FILA;2021-06-24 17:50:00
429;UBS OSWALDO MARASCA JUNIOR - VL MONUMENTO;POSTO FIXO;AV. DOM PEDRO I, 594 - IPIRANGA - CEP: 01552-000 - Tel: 2272- 8619/ 2273-5403;FILA MÉDIA;2021-06-24 18:23:00
430;AMA/UBS INTEGRADA AMERICANOPOLIS;POSTO FIXO;R. CIDADE DE SANTOS, 46 - AMERICANÓPOLIS - CEP: 04336- 050 - Tel: 5562-1476/ 5563-9463;SEM FILA;2021-06-24 18:06:00
431;AMA/UBS INTEGRADA CUPECÊ - DR. WALDOMIRO PREGNOLATTO;POSTO FIXO;AV. SANTA CATARINA, 1523 - VL SANTA CATARINA - CEP: 04378-300 - Tel: 5564-3079/ 5671-5091;SEM FILA;2021-06-24 17:55:00
432;AMA/UBS INTEGRADA DR. GERALDO DA SILVA FERREIRA;POSTO FIXO;AV. ENG ARMANDO DE ARRUDA PEREIRA, 2944 - VL DO ENCONTRO - CEP: 04308-001 - Tel: 5588-2366/ 5021-7744;SEM FILA;2021-06-24 17:59:00
433;AMA/UBS INTEGRADA VILA CLARA;POSTO FIXO;R. ROLANDO CURTI, 701 - VL CLARA - CEP: 04414-000 - Tel: 5623-6883/ 5626-9979;SEM FILA;2021-06-24 17:59:00
434;UBS CIDADE VARGAS;POSTO FIXO;R. DOS COMERCIÁRIOS, 236 - CIDADE VARGAS - CEP: 04320- 030 - Tel: 5588-4890/ 5588-5356;FILA PEQUENA;2021-06-24 17:52:00
435;UBS JARDIM LOURDES;POSTO FIXO;AV. ENG ARMANDO DE ARRUDA PEREIRA, 4004 - JABAQUARA - CEP: 04325-000 - Tel: 5555-9504/ 5575-6872;FILA PEQUENA;2021-06-24 17:47:00
436;UBS VILA CAMPESTRE;POSTO FIXO;R. ARTUR NUNES DA SILVA, 206 - VILA CAMPESTRE - CEP: 04332-080 - Tel: 5011-4278/ 5565-6427;SEM FILA;2021-06-24 17:49:00
437;UBS VILA CANAÃ;POSTO FIXO;R. CONTOS GAUCHESCOS, 630 - VILA CANAÃ - CEP: 04369-000 - Tel: 5565-0485;SEM FILA;2021-06-24 17:52:00
438;UBS VILA SANTA CATARINA;POSTO FIXO;R. BELMIRO ZANETTI ESTEVES, 181 - VL SANTA CATARINA - CEP: 04377-060 - Tel: 5563-9814;SEM FILA;2021-06-24 18:55:00
439;AMA/UBS INTEGRADA JARDIM CAPELA;POSTO FIXO;R. BARAO DE PAIVA MANSO, 200 - JD CAPELA - CEP: 04960-110 - Tel: 5517-0226/ 5899-9652;SEM FILA;2021-06-24 19:12:00
440;AMA/UBS INTEGRADA PARQUE NOVO SANTO AMARO;POSTO FIXO;R. PORTA DO PRADO, 18 - PQ NOVO STO AMARO - CEP: 05874- 130 - Tel: 5831-1448;NÃO FUNCIONANDO;2021-06-24 19:00:00
441;UBS ALTO DA RIVIERA;POSTO FIXO;AV. PROF. MÁRIO MAZAGAO, 194 - ALTO DA RIVIERA - CEP: 04929-080 - Tel: 5833-9952/ 5898-5757;NÃO FUNCIONANDO;2021-06-24 19:00:00
442;UBS CHÁCARA SANTA MARIA;POSTO FIXO;R. CICLADES, 250 - CHÁCARA SANTA MARIA - CEP: 05876-040 - Tel: 5180-6060/ 5833-5262;NÃO FUNCIONANDO;2021-06-24 18:59:00
443;UBS CIDADE IPAVA;POSTO FIXO;AV. TAQUANDAVA, 31 - CIDADE IPAVA - CEP: 04950-000 - Tel: 5898-5300/ 5899-7497;NÃO FUNCIONANDO;2021-06-24 19:01:00
444;UBS HORIZONTE AZUL;POSTO FIXO;R. ALBERGATI CAPACELLI, 2200 - HORIZONTE AZUL - CEP: 04963-000 - Tel: 5517-3860/ 5517-3469;NÃO FUNCIONANDO;2021-06-24 17:56:00
445;UBS JARDIM ARACATI;POSTO FIXO;R. FANCISCO HOMEM DEL REI, 87 - JD ARACATI - CEP: 04949- 070 - Tel: 5896-1139/ 5896-1027;NÃO FUNCIONANDO;2021-06-24 19:00:00
446;UBS JARDIM CAIÇARA;POSTO FIXO;R. SERAFIM ALVARES, 46 - JD CAIÇARA - CEP: 05871-370 - Tel: 5833-4375/ 5833-4375;NÃO FUNCIONANDO;2021-06-24 18:59:00
447;UBS JARDIM COIMBRA;POSTO FIXO;ESTRADA DO MBOI MIRIM, 3301 - JD COIMBRA - CEP: 04905- 023 - Tel: 5898-5454/ 5892-2327;NÃO FUNCIONANDO;2021-06-24 19:00:00
448;UBS JARDIM GUARUJÁ;POSTO FIXO;R. JOÃO DE ALMADA, 25 - JD GUARUJA - CEP: 05875-300 - Tel: 5873-5089/ 5874-4499;NÃO FUNCIONANDO;2021-06-24 19:00:00
449;UBS JARDIM HERCULANO;POSTO FIXO;R. INACIO LIMAS, 11 - JD HERCULANO - CEP: 04920-050 - Tel: 5832-6643/ 5833-9946;SEM FILA;2021-06-24 17:58:00
450;UBS JARDIM NAKAMURA;POSTO FIXO;R. MANUEL VITOR DE JESUS, 811 - JD NAKAMURA - CEP: 04942- 100 - Tel: 5898-5555/ 5831-0892;NÃO FUNCIONANDO;2021-06-24 17:59:00
451;UBS JARDIM PARANAPANEMA;POSTO FIXO;R. PIETRO DA MILANO, 100 - VL SANTO AMARO - CEP: 05875- 360 - Tel: 5833-4282;NÃO FUNCIONANDO;2021-06-24 18:59:00
452;UBS JARDIM SANTA MARGARIDA;POSTO FIXO;R. CAPAO REDONDO, 175 - PQ SANTO AMARO - CEP: 04931- 100 - Tel: 5892-5799;NÃO FUNCIONANDO;2021-06-24 17:56:00
453;UBS PARQUE DO LAGO;POSTO FIXO;ESTRADA DA BARONESA, 1000 - PQ DO LAGO - CEP: 04944-000 - Tel: 5517-0045/ 5895-5816;NÃO FUNCIONANDO;2021-06-24 16:57:00
454;UBS SANTA LÚCIA;POSTO FIXO;R. CARMELO CALI, 26 - VL SANTA LÚCIA - CEP: 04940-070 - Tel: 5898-5400/ 5831-6291;NÃO FUNCIONANDO;2021-06-24 19:00:00
455;UBS VERA CRUZ - DR FERNANDO PROENCA DE GOUVEA;POSTO FIXO;AV. FUNCIONÁRIOS PÚBLICOS (REF.:R.PABLO BRUNA), 379 - JD VERA CRUZ - CEP: 04962-000 - Tel: 5899-9336;NÃO FUNCIONANDO;2021-06-24 18:59:00
456;UBS VILA CALU;POSTO FIXO;ESTRADA DO MBOI MIRIM, 10416 - VL CALU - CEP: 04948-030 - Tel: 5895-8117/ 5832-5700;NÃO FUNCIONANDO;2021-06-24 18:13:00
457;AMA/UBS INTEGRADA JARDIM ALFREDO;POSTO FIXO;R. DINAR, 51 - JD ALFREDO - CEP: 04913-120 - Tel: 5514-6355;NÃO FUNCIONANDO;2021-06-24 18:50:00
458;AMA/UBS INTEGRADA PARQUE FIGUEIRA GRANDE;POSTO FIXO;R. DANIEL KLEIN, 211 - PQ FIGUEIRA GRANDE - CEP: 04915-170 - Tel: 5514-6609/ 5894-4788;NÃO FUNCIONANDO;2021-06-24 18:59:00
459;AMA/UBS INTEGRADA PARQUE SANTO ANTONIO;POSTO FIXO;R. MANUEL BORDALO PINHEIRO, 100 - PQ SANTO ANTONIO - CEP: 05850-230 - Tel: 5511-4249/ 5816-5546;NÃO FUNCIONANDO;2021-06-24 19:00:00
460;AMA/UBS INTEGRADA VILA PREL - PROF. ANTONIO BERNARDES DE OLIVEIRA;POSTO FIXO;R. TEREZA MAIA PINTO, 11 - VL PREL - CEP: 05780-390 - Tel: 5816-5563;NÃO FUNCIONANDO;2021-06-24 19:00:00
461;SAE DST/ AIDS M BOI MIRIM;POSTO FIXO;RUA DEOCLECIANO OLIVEIRA FILHO, 641 - PARQUE SANTO ANTONIO;SEM FILA;2021-06-24 15:59:00
462;UBS BRASÍLIA - MBOI;POSTO FIXO;R. MAPORÉ, 352 - JD SÃO LUIZ - CEP: 05846-390 - Tel: 5511- 8717;NÃO FUNCIONANDO;2021-06-24 18:52:00
463;UBS CHÁCARA SANTANA;POSTO FIXO;R. BALTAZAR DE SA, 383 - CHÁCARA SANTANA - CEP: 05831- 030 - Tel: 5514-6448/ 5891-2843;NÃO FUNCIONANDO;2021-06-24 18:56:00
464;UBS JARDIM CELESTE;POSTO FIXO;R. JOÃO FERNANDES CAMISA NOVA JR., 865 - JD CELESTE - CEP: 05844-000 - Tel: 5812-3738;NÃO FUNCIONANDO;2021-06-24 18:52:00
465;UBS JARDIM SOUZA;POSTO FIXO;R. FRANCISCO DE ALMEIDA SOUZA, 481 - JARDIM SOUZA - CEP: 04917070 - Tel: 5514-6430;NÃO FUNCIONANDO;2021-06-24 19:02:00
466;UBS JARDIM THOMAS;POSTO FIXO;R. AUDÁLIO GONÇALVES DOS SANTOS, 158 - JD THOMAS - CEP: 05833-040 - Tel: 5514-0345/ 5894-4218;NÃO FUNCIONANDO;2021-06-24 19:01:00
467;UBS NOVO CAMINHO;POSTO FIXO;R. ANTONIO DA MATA JUNIOR, 943 - JD SÃO LUIZ - CEP: 05812- 030 - Tel: 5851-9026;NÃO FUNCIONANDO;2021-06-24 18:59:00
468;UBS NOVO JARDIM I;POSTO FIXO;R. PHILIPPE DE VITRY, 282 - JD STA JOSEFINA - CEP: 05819- 080 - Tel: 5892-2134/ 5892-2719;NÃO FUNCIONANDO;2021-06-24 18:56:00
469;UBS VILA DAS BELEZAS - DR. ALBERTO AMBROSIO;POSTO FIXO;R. TENENTE ISAIAS BRANCO DE ARAUJO, 101/103 - VL DAS BELEZAS - CEP: 05841-150 - Tel: 5511-4712/ 5816-8519;FILA PEQUENA;2021-06-24 17:58:00
470;UBS ZUMBI DOS PALMARES;POSTO FIXO;R. HUMBERTO DE ALMEIDA, 08 - CHÁCARA SANTANA - CEP: 05831-000 - Tel: 3777-1350 ;NÃO FUNCIONANDO;2021-06-24 18:55:00
471;UBS DOM LUCIANO BERGAMINI;POSTO FIXO;ESTRADA DA LIGAÇAO, 1 - MARSILAC - ZONA RURAL - CEP: 04891-360 - Tel: 5978-6394/ 5975-1057;NÃO FUNCIONANDO;2021-06-24 14:59:00
472;UBS JARDIM EMBURA;POSTO FIXO;ESTRADA BENEDITO SCHUNCK, 08 - JD EMBURA - CEP: 04893- 050 - Tel: 5975-2192;NÃO FUNCIONANDO;2021-06-24 16:57:00
473;UBS MARSILAC;POSTO FIXO;ESTRADA ENGENHEIRO MARSILAC, 14487 - MARSILAC - CEP: 04891-000 - Tel: 5975-2281;NÃO FUNCIONANDO;2021-06-24 15:50:00
474;UBS INDIANÓPOLIS - SIGMUND FREUD;POSTO FIXO;AV. INDIANÓPOLIS, 650 - MOEMA - CEP: 04062-001 - Tel: 5054- 2851/ 5054-2705;FILA GRANDE;2021-06-24 18:06:00
475;UBS VILA OLIMPIA - MAX PERLMAN;POSTO FIXO;R. JACQUES FELIX, 499 - VL NOVA CONCEIÇÃO - CEP: 04509- 001 - Tel: 3842-4849/ 3842-5146;FILA GRANDE;2021-06-24 17:51:00
476;UBS BARRAGEM;POSTO FIXO;R. DOIS, 3 - BARRAGEM - CEP: 04877-110 - Tel: 5977-3212/ 5977- 1020;NÃO FUNCIONANDO;2021-06-24 16:46:00
477;UBS COLONIA;POSTO FIXO;R. NOSSA SENHORA APARECIDA, 342 - COLONIA PAULISTA - CEP: 04892-230 - Tel: 5977-3269;NÃO FUNCIONANDO;2021-06-24 16:49:00
478;UBS JARDIM CAMPINAS;POSTO FIXO;R. DAS PLEIADES, S/N - JD MARIA AMALIA - CEP: 04858-550 - Tel: 5527-3589/ 5527-2000;NÃO FUNCIONANDO;2021-06-24 18:47:00
479;UBS JARDIM DAS FONTES;POSTO FIXO;R. MABEL NORMANDO, 122 - JD FONTES - CEP: 04891-000 - Tel: 5975-2538/ 5975-4221;NÃO FUNCIONANDO;2021-06-24 16:58:00
480;UBS JARDIM IPORÃ;POSTO FIXO;R. FORTE DE VILA BELA, 29 - JARDIM IPORA - CEP: 04865170 - Tel: 59223053;NÃO FUNCIONANDO;2021-06-24 18:50:00
481;UBS JARDIM SANTA FÉ;POSTO FIXO;R. CONDE DE LANCASTRE, 214 - JD SANTA FÉ - CEP: 04890- 290 - Tel: 5922-3053/ 5921-9504;NÃO FUNCIONANDO;2021-06-24 16:59:00
482;UBS JARDIM SÃO NORBERTO;POSTO FIXO;AV. DOMENICO LANZETTI, S/N - JD SÃO NORBERTO - CEP: 04884-210 - Tel: 5920-8977;NÃO FUNCIONANDO;2021-06-24 16:50:00
483;UBS JARDIM SILVEIRA;POSTO FIXO;R. BONIFÁCIO ASIOLI, 162 - JARDIM SILVEIRA - CEP: 04892-040 - Tel: 5921-5294/ 5921-4490;NÃO FUNCIONANDO;2021-06-24 15:52:00
484;UBS NOVA AMÉRICA;POSTO FIXO;R. EDUARDO COLLIER FILHO, 14 - CIDADE NOVA AMERICA - CEP: 04895-020 - Tel: 5977-3507;NÃO FUNCIONANDO;2021-06-24 16:54:00
485;UBS PARELHEIROS;POSTO FIXO;R. JUVENAL LUZ X R. MARIO TRAPE, S/Nº - JD NOVO PARELHEIROS - CEP: 04890-420 - Tel: 5921-6780/ 5921-4946;NÃO FUNCIONANDO;2021-06-24 19:01:00
486;UBS RECANTO CAMPO BELO;POSTO FIXO;R. VIRGINIA MODESTO, 800 - RECANTO CAMPO BELO - CEP: 04880-035 - Tel: 5926-2002/ 5921-8022;NÃO FUNCIONANDO;2021-06-24 18:56:00
487;UBS VARGEM GRANDE;POSTO FIXO;R. DAS ARARAS, 49 - VARGEM GRANDE - CEP: 04896-260 - Tel: 5921-2111/ 5920-0261;NÃO FUNCIONANDO;2021-06-24 18:58:00
488;UBS VILA MARCELO;POSTO FIXO;R. AMADO BENEDITO VILAS BOAS, 616 - VL MARCELO - CEP: 04866-000 - Tel: 5979-8972;NÃO FUNCIONANDO;2021-06-24 16:52:00
489;UBS VILA ROSCHEL;POSTO FIXO;R. ALICE BASTIDE, 290 - VL ROSCHEL - CEP: 04891-140 - Tel: 5920-2604;NÃO FUNCIONANDO;2021-06-24 16:50:00
490;AMA/UBS INTEGRADA PARQUE DOROTEIA;POSTO FIXO;R. DOS ANIQUIS, 3 - JD SANTA TEREZINHA - CEP: 04474-000 - Tel: 5560-0890/ 5672-7444;NÃO FUNCIONANDO;2021-06-24 19:02:00
491;UBS JARDIM APURÁ;POSTO FIXO;R. DR DARI BARCELOS, 37 - JD APURA - CEP: 04470-170 - Tel: 5673-0001/ 5673-3734;NÃO FUNCIONANDO;2021-06-24 17:01:00
492;UBS JARDIM NOVO PANTANAL - PEDREIRA;POSTO FIXO;AV. PROF. CARDOZO DE MELLO NETO, 674 - JARDIM SANTA TEREZINHA - CEP: 04474-180 - Tel: 5672-7092/ 5672-7244;FILA PEQUENA;2021-06-24 17:08:00
493;UBS JARDIM SELMA - CIDADE ADEMAR;POSTO FIXO;R. PEDRO FERNANDES ARAGÃO, 305 - JARDIM SELMA - CEP: 04431-160 - Tel: 5611-1641/ 5611-6743;SEM FILA;2021-06-24 17:50:00
494;UBS LARANJEIRAS;POSTO FIXO;R. DENIS FURTEL, 108 - LARANJEIRAS - CEP: 04476-145 - Tel: 5673-6180/ 5673-6181;NÃO FUNCIONANDO;2021-06-24 19:03:00
495;UBS MAR PAULISTA;POSTO FIXO;R. MATSUICHI WADA, 393 - BALNEÁRIO MAR PAULISTA - CEP: 04463-060 - Tel: 5612-5686/ 5616-9406;NÃO FUNCIONANDO;2021-06-24 17:31:00
496;UBS MATA VIRGEM;POSTO FIXO;ESTRADA DA SAUDE, 47 - ELDORADO - CEP: 04476-540 - Tel: 5673-4455/ 5673-4477;NÃO FUNCIONANDO;2021-06-24 18:56:00
497;UBS VILA APARECIDA;POSTO FIXO;AV. BATISTA MACIEL, 430 - ELDORADO - CEP: 04459-110 - Tel: 5612-9644/ 5612-2850;SEM FILA;2021-06-24 19:01:00
498;UBS VILA GUACURI-CICERO SERGIO CAVALCANTE;POSTO FIXO;R. VALENTINO FIORAVANTE, 416 - JD RUBILENE - CEP: 04475- 380 - Tel: 5674-0921/ 5673-0888;NÃO FUNCIONANDO;2021-06-24 18:56:00
499;AMA/UBS INTEGRADA PQ BRISTOL;POSTO FIXO;R. FRANCOIS BUNEL, 194 - PQ BRISTOL - CEP: 04193-310 - Tel: 2331-3089/ 2964-9357;SEM FILA;2021-06-24 17:50:00
500;UBS AURELIO MELLONE - JARDIM SÃO SAVÉRIO;POSTO FIXO;R. ATILIO SELVA, 10 - JD CELESTE - CEP: 04195-060 - Tel: 2331- 2131/ 2331-7586;SEM FILA;2021-06-24 17:52:00
501;UBS EDUARDO ROMANO RESCHILIAN;POSTO FIXO;R. DR LAFAIETE DE SOUZA CAMARGO, 40 - JD CLIMAX - CEP: 04177-380 - Tel: 2335-5319/ 2334-0005;FILA PEQUENA;2021-06-24 17:51:00
502;UBS JARDIM SECKLER;POSTO FIXO;R. CARLOS MAURO, 114 - SÃO JOÃO CLIMACO - CEP: 04240- 150 - Tel: 2946-8532/ 2948-2994;FILA PEQUENA;2021-06-24 17:51:00
503;UBS LUIZ ERNESTO MAZZONI;POSTO FIXO;AV. CARLOS LIVIERO, 566 - VL LIVIERO - CEP: 04186-100 - Tel: 2331-9624/ 2335-8124;FILA PEQUENA;2021-06-24 17:51:00
504;UBS MOINHO VELHO II;POSTO FIXO;R. BELGRADO, 323 - MOINHO VELHO - CEP: 04285-041 - Tel: 2274-1059/ 2062-6416;FILA PEQUENA;2021-06-24 17:46:00
505;UBS SACOMÃ;POSTO FIXO;ESTRADA DAS LAGRIMAS, 1604 - SACOMÃ - CEP: 04232-000 - Tel: 2915-8200/ 2273-3537;FILA MÉDIA;2021-06-24 17:51:00
506;UBS VILA ARAPUÃ;POSTO FIXO;R. COLOMBO FLORENCE, 235 - VL ARAPUA - CEP: 04257-045 - Tel: 2946-6660/ 2969-5339;FILA PEQUENA;2021-06-24 17:46:00
507;UBS VILA DAS MERCÊS;POSTO FIXO;R. NOSSA SENHORA DAS MERCÊS, 1315 - VL DAS MERCÊS - CEP: 04165-001 - Tel: 2946-1443;SEM FILA;2021-06-24 17:53:00
508;SAE DST / AIDS SANTO AMARO;POSTO FIXO;Rua PADRE JOSÉ DE ANCHIETA, 640 - SANTO AMARO  FONE: 5686-1613;SEM FILA;2021-06-24 17:06:00
509;UBS CHÁCARA SANTO ANTONIO - DR. MARCILIO DE ARRUDA PENTEADO FILHO;POSTO FIXO;R. ALEXANDRE DUMAS, 719 - CHÁCARA SANTO ANTONIO - CEP: 04717-000 - Tel: 5181-7894/ 5183-6139;FILA MÉDIA;2021-06-24 18:47:00
510;UBS SANTO AMARO – DR. SÉRGIO VILLAÇA BRAGA / TEATRO PAULO EIRÓ;POSTO FIXO;Av. ADOLFO PINHEIRO, 765 - Tel: 5687-3367/ 5541-8807;NÃO FUNCIONANDO;2021-06-24 19:01:00
511;AE DR. ALEXANDRE KALIL YASBEK - CECI;POSTO FIXO;Av. Ceci, 2235;FILA GRANDE;2021-06-24 17:50:00
512;UBS PARQUE IMPERIAL - PROF. MANOEL A. S. SARAGOÇA;POSTO FIXO;R. MAJOR FREIRE, 510 - VILA MONTE ALEGRE - CEP: 04304110 - Tel: 5581-0426/ 5594-0179;FILA PEQUENA;2021-06-24 17:55:00
513;UBS VELEIROS;POSTO FIXO;AV. CLARA MANTELLI, 185 - VELEIROS - CEP: 04771-180 - Tel: 5681-5520/ 5687-0639;NÃO FUNCIONANDO;2021-06-24 19:11:00
514;UBS JARDIM DAS PALMAS;POSTO FIXO;R. FRANCISCO DE SALES, 10 - JD DAS PALMAS - CEP: 05749- 280 - Tel: 5843-8340/ 5843-8460;FILA MÉDIA;2021-06-24 18:01:00
515;UBS PARAISOPOLIS;POSTO FIXO;R. MELCHIOR GIOLA, 80 - JD PARAISOPOLIS - CEP: 05664-000 - Tel: 3744-5223/ 3744-5822;NÃO FUNCIONANDO;2021-06-24 18:58:00
516;UBS PARAISOPOLIS II;POSTO FIXO;R. PASQUALE GUALUPPI, 951 - PARAISÓPOLIS - CEP: 05660- 000 - Tel: 3501-9031/ 3501-2839;SEM FILA;2021-06-24 18:01:00
517;UBS PARAISOPOLIS III;POSTO FIXO;R. SILVEIRA SAMPAIO, 660 - JD MORUMBI - CEP: 05656-010 - Tel: 3742-2978/ 3742-1323;SEM FILA;2021-06-24 19:01:00
518;UBS VILA PRAIA;POSTO FIXO;Rua André de Andrade s/nº;SEM FILA;2021-06-24 18:57:00
519;CRHMTPIS BOSQUE DA SAÚDE;POSTO FIXO;Rua João Baptistussi, 55;FILA MÉDIA;2021-06-24 17:50:00
